date,cultivar,rep,n_stolon_primary,n_stolon_secondary,n_stolon_tertiary,n_stolon_quaternary,n_dp_alt_primary,n_dp_alt_secondary,n_dp_alt_tertiary,n_dp_alt_quaternary,n_dp_mid_primary,n_dp_mid_secondary,n_dp_mid_tertiary,n_dp_mid_quaternary,n_dp_total_alt,n_dp_total_mid,n_flowers_total,n_flowers_mp,n_flowers_dp,stolon_length_primary_cm,crown_diameter_mm
2025-04-16,Albion,1,2.0,0.0,0.0,0.0,1.0,0.0,0.0,0.0,0.0,0.0,0.0,0.0,1.0,0.0,6.0,6.0,0.0,91.6,
2025-04-16,Albion,2,2.0,0.0,0.0,0.0,1.0,0.0,0.0,0.0,0.0,0.0,0.0,0.0,1.0,0.0,6.0,6.0,0.0,85.6,
2025-04-16,Albion,3,2.0,1.0,0.0,0.0,2.0,1.0,0.0,0.0,0.0,0.0,0.0,0.0,3.0,0.0,0.0,0.0,0.0,69.0,
2025-04-30,Albion,1,3.0,2.0,0.0,0.0,3.0,3.0,0.0,0.0,0.0,0.0,0.0,0.0,6.0,0.0,0.0,0.0,0.0,106.0,
2025-04-30,Albion,2,4.0,3.0,0.0,0.0,4.0,4.0,0.0,0.0,0.0,0.0,0.0,0.0,8.0,0.0,7.0,7.0,0.0,95.2,
2025-04-30,Albion,3,4.0,4.0,0.0,0.0,5.0,5.0,0.0,0.0,0.0,0.0,0.0,0.0,10.0,0.0,4.0,4.0,0.0,120.4,
2025-05-14,Albion,1,4.0,5.0,1.0,0.0,7.0,8.0,1.0,0.0,0.0,0.0,0.0,0.0,16.0,0.0,0.0,0.0,0.0,122.9,
2025-05-14,Albion,2,5.0,6.0,0.0,0.0,9.0,10.0,0.0,0.0,0.0,0.0,0.0,0.0,19.0,0.0,8.0,8.0,0.0,122.05,
2025-05-14,Albion,3,4.0,9.0,0.0,0.0,8.0,14.0,0.0,0.0,0.0,0.0,0.0,0.0,22.0,0.0,8.0,8.0,0.0,131.025,
2025-05-28,Albion,1,4.0,8.0,1.0,0.0,11.0,16.0,2.0,0.0,0.0,0.0,0.0,0.0,29.0,0.0,2.0,2.0,0.0,150.675,
2025-05-28,Albion,2,7.0,8.0,0.0,0.0,12.0,14.0,0.0,0.0,0.0,0.0,0.0,0.0,26.0,0.0,0.0,0.0,0.0,150.3,
2025-05-28,Albion,3,6.0,13.0,1.0,0.0,13.0,27.0,1.0,0.0,0.0,0.0,0.0,0.0,41.0,0.0,0.0,0.0,0.0,151.54,
2025-06-11,Albion,1,4.0,8.0,2.0,0.0,14.0,22.0,4.0,0.0,0.0,0.0,0.0,0.0,40.0,0.0,0.0,0.0,0.0,190.4,
2025-06-11,Albion,2,8.0,13.0,1.0,0.0,22.0,27.0,1.0,0.0,0.0,0.0,0.0,0.0,50.0,0.0,0.0,0.0,0.0,149.1125,
2025-06-11,Albion,3,6.0,15.0,1.0,0.0,19.0,41.0,1.0,0.0,0.0,0.0,0.0,0.0,61.0,0.0,0.0,0.0,0.0,169.5,
2025-06-25,Albion,1,4.0,11.0,2.0,0.0,18.0,32.0,6.0,0.0,0.0,0.0,0.0,0.0,56.0,0.0,7.0,6.0,1.0,230.4,11.877777778
2025-06-25,Albion,2,9.0,19.0,1.0,0.0,31.0,46.0,2.0,0.0,0.0,0.0,0.0,0.0,79.0,0.0,4.0,0.0,4.0,193.2,11.11319444
2025-06-25,Albion,3,7.0,17.0,2.0,0.0,25.0,51.0,3.0,0.0,0.0,1.0,0.0,0.0,79.0,1.0,11.0,10.0,1.0,205.85,10.70658228
2025-04-23,Brilliance,1,4.0,3.0,0.0,0.0,3.0,3.0,0.0,0.0,3.0,0.0,0.0,0.0,6.0,3.0,0.0,0.0,0.0,115.05,
2025-04-23,Brilliance,2,5.0,4.0,0.0,0.0,6.0,4.0,0.0,0.0,0.0,0.0,0.0,0.0,10.0,0.0,0.0,0.0,0.0,116.55,
2025-04-23,Brilliance,3,4.0,2.0,0.0,0.0,6.0,2.0,0.0,0.0,0.0,0.0,0.0,0.0,8.0,0.0,5.0,5.0,0.0,115.65,
2025-05-07,Brilliance,1,7.0,8.0,0.0,0.0,8.0,12.0,0.0,0.0,4.0,0.0,0.0,0.0,20.0,4.0,0.0,0.0,0.0,113.82,
2025-05-07,Brilliance,2,7.0,9.0,0.0,0.0,14.0,16.0,0.0,0.0,0.0,0.0,0.0,0.0,30.0,0.0,0.0,0.0,0.0,102.8,
2025-05-07,Brilliance,3,7.0,7.0,1.0,0.0,14.0,10.0,1.0,0.0,0.0,0.0,0.0,0.0,25.0,0.0,0.0,0.0,0.0,99.78333333,
2025-05-21,Brilliance,1,9.0,13.0,5.0,0.0,16.0,25.0,5.0,0.0,5.0,0.0,0.0,0.0,46.0,5.0,0.0,0.0,0.0,146.4571429,
2025-05-21,Brilliance,2,9.0,17.0,2.0,0.0,20.0,34.0,2.0,0.0,0.0,0.0,0.0,0.0,56.0,0.0,0.0,0.0,0.0,140.5,
2025-05-21,Brilliance,3,9.0,13.0,5.0,0.0,20.0,22.0,7.0,0.0,0.0,0.0,0.0,0.0,49.0,0.0,0.0,0.0,0.0,144.2,
2025-06-04,Brilliance,1,10.0,20.0,6.0,0.0,28.0,49.0,11.0,0.0,6.0,0.0,0.0,0.0,88.0,6.0,0.0,0.0,0.0,155.21,
2025-06-04,Brilliance,2,10.0,24.0,7.0,0.0,33.0,63.0,10.0,0.0,0.0,0.0,0.0,0.0,106.0,0.0,0.0,0.0,0.0,162.5111111,
2025-06-04,Brilliance,3,10.0,22.0,7.0,0.0,33.0,50.0,15.0,0.0,0.0,0.0,0.0,0.0,98.0,0.0,0.0,0.0,0.0,160.39,
2025-06-18,Brilliance,1,11.0,23.0,8.0,0.0,36.0,72.0,18.0,0.0,7.0,0.0,0.0,0.0,126.0,7.0,0.0,0.0,0.0,184.0,
2025-06-18,Brilliance,2,11.0,29.0,11.0,0.0,44.0,90.0,21.0,0.0,0.0,0.0,0.0,0.0,155.0,0.0,0.0,0.0,0.0,160.42,
2025-06-18,Brilliance,3,13.0,27.0,12.0,0.0,41.0,73.0,25.0,0.0,0.0,0.0,0.0,0.0,139.0,0.0,0.0,0.0,0.0,165.9363636,
2025-07-02,Brilliance,1,13.0,26.0,10.0,0.0,44.0,96.0,26.0,0.0,8.0,0.0,0.0,0.0,166.0,8.0,0.0,0.0,0.0,203.94,8.298082192
2025-07-02,Brilliance,2,12.0,32.0,14.0,0.0,53.0,109.0,28.0,0.0,0.0,0.0,0.0,0.0,190.0,0.0,0.0,0.0,0.0,203.16,7.55033557
2025-07-02,Brilliance,3,13.0,28.0,13.0,0.0,51.0,93.0,29.0,0.0,0.0,0.0,0.0,0.0,173.0,0.0,0.0,0.0,0.0,189.6181818,6.0325
2025-04-16,Cabrio,1,3.0,0.0,0.0,0.0,2.0,0.0,0.0,0.0,0.0,0.0,0.0,0.0,2.0,0.0,0.0,0.0,0.0,48.55,
2025-04-16,Cabrio,2,3.0,0.0,0.0,0.0,2.0,0.0,0.0,0.0,0.0,0.0,0.0,0.0,2.0,0.0,0.0,0.0,0.0,34.9,
2025-04-16,Cabrio,3,3.0,0.0,0.0,0.0,2.0,0.0,0.0,0.0,0.0,0.0,0.0,0.0,2.0,0.0,5.0,5.0,0.0,53.0,
2025-04-30,Cabrio,1,6.0,4.0,0.0,0.0,6.0,1.0,0.0,0.0,0.0,3.0,0.0,0.0,7.0,3.0,7.0,7.0,0.0,89.2,
2025-04-30,Cabrio,2,5.0,2.0,0.0,0.0,4.0,0.0,0.0,0.0,1.0,2.0,0.0,0.0,4.0,3.0,9.0,9.0,0.0,77.2333333,
2025-04-30,Cabrio,3,7.0,2.0,0.0,0.0,7.0,1.0,0.0,0.0,0.0,1.0,0.0,0.0,8.0,1.0,0.0,0.0,0.0,75.15,
2025-05-14,Cabrio,1,7.0,8.0,1.0,0.0,13.0,13.0,1.0,0.0,0.0,0.0,0.0,0.0,27.0,0.0,0.0,0.0,0.0,108.95,
2025-05-14,Cabrio,2,6.0,7.0,0.0,0.0,8.0,9.0,0.0,0.0,3.0,0.0,0.0,0.0,17.0,3.0,4.0,4.0,0.0,119.36,
2025-05-14,Cabrio,3,9.0,7.0,0.0,0.0,15.0,9.0,0.0,0.0,0.0,0.0,0.0,0.0,24.0,0.0,0.0,0.0,0.0,109.6571429,
2025-05-28,Cabrio,1,11.0,16.0,2.0,0.0,22.0,30.0,3.0,0.0,0.0,0.0,0.0,0.0,55.0,0.0,0.0,0.0,0.0,161.4,
2025-05-28,Cabrio,2,8.0,10.0,2.0,0.0,15.0,21.0,2.0,0.0,4.0,0.0,0.0,0.0,38.0,4.0,6.0,6.0,0.0,166.0,
2025-05-28,Cabrio,3,11.0,9.0,1.0,0.0,27.0,18.0,1.0,0.0,0.0,0.0,0.0,0.0,46.0,0.0,0.0,0.0,0.0,155.2,
2025-06-11,Cabrio,1,15.0,20.0,6.0,0.0,36.0,54.0,9.0,0.0,0.0,0.0,0.0,0.0,99.0,0.0,0.0,0.0,0.0,186.8428571,
2025-06-11,Cabrio,2,9.0,14.0,6.0,0.0,24.0,36.0,8.0,0.0,5.0,0.0,0.0,0.0,68.0,5.0,7.0,7.0,0.0,189.4833333,
2025-06-11,Cabrio,3,14.0,14.0,6.0,0.0,41.0,35.0,4.0,0.0,0.0,2.0,0.0,0.0,80.0,2.0,0.0,0.0,0.0,181.29,
2025-06-25,Cabrio,1,15.0,23.0,6.0,0.0,57.0,78.0,12.0,0.0,0.0,0.0,0.0,0.0,147.0,0.0,0.0,0.0,0.0,176.1454545,11.90741379
2025-06-25,Cabrio,2,9.0,22.0,8.0,0.0,33.0,59.0,16.0,0.0,6.0,0.0,0.0,0.0,108.0,6.0,0.0,0.0,0.0,192.9875,8.643918919
2025-06-25,Cabrio,3,18.0,24.0,3.0,0.0,60.0,59.0,5.0,0.0,0.0,4.0,0.0,0.0,124.0,4.0,0.0,0.0,0.0,207.9909091,11.2297561
2025-04-16,Camarosa,1,3.0,0.0,0.0,0.0,3.0,0.0,0.0,0.0,0.0,0.0,0.0,0.0,3.0,0.0,0.0,0.0,0.0,61.95,
2025-04-16,Camarosa,2,4.0,0.0,0.0,0.0,4.0,0.0,0.0,0.0,0.0,0.0,0.0,0.0,4.0,0.0,0.0,0.0,0.0,77.93333333,
2025-04-16,Camarosa,3,3.0,0.0,0.0,0.0,1.0,0.0,0.0,0.0,2.0,0.0,0.0,0.0,1.0,2.0,0.0,0.0,0.0,75.15,
2025-04-30,Camarosa,1,6.0,4.0,0.0,0.0,7.0,5.0,0.0,0.0,0.0,0.0,0.0,0.0,12.0,0.0,0.0,0.0,0.0,108.9666667,
2025-04-30,Camarosa,2,7.0,5.0,0.0,0.0,11.0,5.0,0.0,0.0,0.0,1.0,0.0,0.0,16.0,1.0,0.0,0.0,0.0,137.266667,
2025-04-30,Camarosa,3,5.0,6.0,0.0,0.0,5.0,7.0,0.0,0.0,3.0,0.0,0.0,0.0,12.0,3.0,0.0,0.0,0.0,141.1,
2025-05-14,Camarosa,1,8.0,13.0,4.0,0.0,17.0,18.0,5.0,0.0,1.0,2.0,0.0,0.0,40.0,3.0,0.0,0.0,0.0,169.725,
2025-05-14,Camarosa,2,7.0,14.0,2.0,0.0,21.0,22.0,3.0,0.0,0.0,2.0,0.0,0.0,46.0,2.0,0.0,0.0,0.0,174.74,
2025-05-14,Camarosa,3,5.0,15.0,5.0,0.0,11.0,24.0,7.0,0.0,5.0,1.0,0.0,0.0,42.0,6.0,0.0,0.0,0.0,180.8,
2025-05-28,Camarosa,1,14.0,22.0,11.0,0.0,27.0,43.0,16.0,0.0,2.0,4.0,0.0,0.0,86.0,6.0,0.0,0.0,0.0,202.4,
2025-05-28,Camarosa,2,10.0,21.0,5.0,0.0,29.0,45.0,8.0,0.0,0.0,3.0,0.0,0.0,82.0,3.0,0.0,0.0,0.0,198.4,
2025-05-28,Camarosa,3,5.0,21.0,12.0,1.0,17.0,48.0,19.0,1.0,6.0,2.0,0.0,0.0,85.0,8.0,0.0,0.0,0.0,219.66,
2025-06-11,Camarosa,1,16.0,27.0,18.0,1.0,44.0,70.0,31.0,1.0,5.0,8.0,1.0,0.0,146.0,14.0,0.0,0.0,0.0,202.57,
2025-06-11,Camarosa,2,12.0,30.0,12.0,0.0,40.0,81.0,21.0,0.0,0.0,5.0,0.0,0.0,142.0,5.0,0.0,0.0,0.0,227.95,
2025-06-11,Camarosa,3,5.0,23.0,16.0,2.0,18.0,68.0,35.0,2.0,7.0,1.0,0.0,0.0,123.0,8.0,0.0,0.0,0.0,233.96,
2025-06-25,Camarosa,1,19.0,34.0,21.0,1.0,62.0,99.0,51.0,2.0,7.0,11.0,2.0,0.0,214.0,20.0,0.0,0.0,0.0,200.3866667,7.057352941
2025-06-25,Camarosa,2,12.0,23.0,15.0,0.0,53.0,115.0,36.0,0.0,1.0,7.0,0.0,0.0,204.0,8.0,0.0,0.0,0.0,224.5636364,6.442835821
2025-06-25,Camarosa,3,5.0,23.0,18.0,2.0,21.0,89.0,51.0,2.0,7.0,1.0,0.0,0.0,163.0,8.0,0.0,0.0,0.0,249.2,7.368116883
2025-04-16,Chandler,1,3.0,1.0,0.0,0.0,4.0,1.0,0.0,0.0,0.0,0.0,0.0,0.0,5.0,0.0,0.0,0.0,0.0,86.85,
2025-04-16,Chandler,2,4.0,2.0,0.0,0.0,5.0,2.0,0.0,0.0,0.0,0.0,0.0,0.0,7.0,0.0,0.0,0.0,0.0,70.33333333,
2025-04-16,Chandler,3,4.0,0.0,0.0,0.0,5.0,0.0,0.0,0.0,0.0,0.0,0.0,0.0,5.0,0.0,0.0,0.0,0.0,79.366666667,
2025-04-30,Chandler,1,6.0,6.0,0.0,0.0,9.0,7.0,0.0,0.0,0.0,0.0,0.0,0.0,16.0,0.0,0.0,0.0,0.0,125.175,
2025-04-30,Chandler,2,7.0,5.0,0.0,0.0,10.0,7.0,0.0,0.0,0.0,0.0,0.0,0.0,17.0,0.0,0.0,0.0,0.0,112.24,
2025-04-30,Chandler,3,7.0,7.0,0.0,0.0,11.0,8.0,0.0,0.0,0.0,0.0,0.0,0.0,19.0,0.0,0.0,0.0,0.0,106.44,
2025-05-14,Chandler,1,8.0,16.0,0.0,0.0,18.0,24.0,0.0,0.0,0.0,0.0,0.0,0.0,42.0,0.0,0.0,0.0,0.0,149.3428571,
2025-05-14,Chandler,2,9.0,13.0,1.0,0.0,20.0,23.0,1.0,0.0,1.0,0.0,0.0,0.0,44.0,1.0,0.0,0.0,0.0,161.7,
2025-05-14,Chandler,3,9.0,18.0,0.0,0.0,18.0,27.0,0.0,0.0,1.0,0.0,0.0,0.0,45.0,1.0,0.0,0.0,0.0,141.4875,
2025-05-28,Chandler,1,10.0,25.0,1.0,0.0,23.0,47.0,1.0,0.0,2.0,1.0,0.0,0.0,71.0,3.0,0.0,0.0,0.0,181.8375,
2025-05-28,Chandler,2,11.0,26.0,2.0,0.0,26.0,48.0,3.0,0.0,3.0,0.0,0.0,0.0,77.0,3.0,0.0,0.0,0.0,180.17777778,
2025-05-28,Chandler,3,11.0,28.0,1.0,0.0,25.0,52.0,1.0,0.0,3.0,1.0,0.0,0.0,78.0,4.0,0.0,0.0,0.0,164.755556,
2025-06-11,Chandler,1,12.0,32.0,6.0,0.0,31.0,79.0,3.0,0.0,7.0,4.0,0.0,0.0,113.0,11.0,0.0,0.0,0.0,188.5,
2025-06-11,Chandler,2,11.0,35.0,9.0,0.0,31.0,91.0,13.0,0.0,8.0,1.0,0.0,0.0,135.0,9.0,0.0,0.0,0.0,198.7818182,
2025-06-11,Chandler,3,12.0,39.0,12.0,0.0,33.0,90.0,13.0,0.0,8.0,5.0,0.0,0.0,136.0,13.0,0.0,0.0,0.0,195.7454545,
2025-06-25,Chandler,1,14.0,38.0,10.0,0.0,38.0,114.0,15.0,0.0,10.0,6.0,0.0,0.0,167.0,16.0,0.0,0.0,0.0,216.6181818,8.953284672
2025-06-25,Chandler,2,12.0,37.0,12.0,0.0,36.0,124.0,22.0,0.0,11.0,1.0,0.0,0.0,182.0,12.0,0.0,0.0,0.0,226.4181818,8.080671642
2025-06-25,Chandler,3,14.0,44.0,13.0,0.0,37.0,121.0,24.0,0.0,12.0,10.0,0.0,0.0,182.0,22.0,0.0,0.0,0.0,220.2818182,6.978216561
2025-04-16,Finn,1,2.0,0.0,0.0,0.0,3.0,0.0,0.0,0.0,0.0,0.0,0.0,0.0,3.0,0.0,5.0,5.0,0.0,56.2,
2025-04-16,Finn,2,3.0,0.0,0.0,0.0,4.0,0.0,0.0,0.0,0.0,0.0,0.0,0.0,4.0,0.0,5.0,5.0,0.0,59.433333,
2025-04-16,Finn,3,3.0,0.0,0.0,0.0,2.0,0.0,0.0,0.0,0.0,0.0,0.0,0.0,2.0,0.0,6.0,6.0,0.0,37.4,
2025-04-30,Finn,1,6.0,1.0,0.0,0.0,6.0,1.0,0.0,0.0,0.0,0.0,0.0,0.0,7.0,0.0,3.0,3.0,0.0,86.566667,
2025-04-30,Finn,2,4.0,3.0,0.0,0.0,7.0,3.0,0.0,0.0,0.0,0.0,0.0,0.0,10.0,0.0,3.0,3.0,0.0,106.4,
2025-04-30,Finn,3,4.0,1.0,0.0,0.0,5.0,0.0,1.0,0.0,0.0,0.0,0.0,0.0,6.0,0.0,0.0,0.0,0.0,71.733333,
2025-05-14,Finn,1,7.0,4.0,0.0,0.0,12.0,6.0,0.0,0.0,0.0,0.0,0.0,0.0,18.0,0.0,12.0,12.0,0.0,108.766667,
2025-05-14,Finn,2,6.0,6.0,0.0,0.0,10.0,9.0,0.0,0.0,0.0,0.0,0.0,0.0,19.0,0.0,0.0,0.0,0.0,134.6,
2025-05-14,Finn,3,7.0,1.0,1.0,0.0,11.0,2.0,2.0,0.0,0.0,0.0,0.0,0.0,15.0,0.0,7.0,7.0,0.0,109.86,
2025-05-28,Finn,1,8.0,7.0,0.0,0.0,19.0,12.0,0.0,0.0,0.0,0.0,0.0,0.0,31.0,0.0,3.0,3.0,0.0,153.55,
2025-05-28,Finn,2,7.0,12.0,1.0,0.0,15.0,21.0,1.0,0.0,0.0,0.0,0.0,0.0,37.0,0.0,0.0,0.0,0.0,167.025,
2025-05-28,Finn,3,9.0,5.0,2.0,0.0,18.0,6.0,3.0,0.0,0.0,2.0,0.0,0.0,27.0,2.0,0.0,0.0,0.0,161.58,
2025-06-11,Finn,1,9.0,11.0,0.0,0.0,29.0,24.0,0.0,0.0,0.0,0.0,0.0,0.0,53.0,0.0,7.0,4.0,3.0,187.7833333,
2025-06-11,Finn,2,7.0,15.0,2.0,0.0,23.0,32.0,3.0,0.0,0.0,0.0,0.0,0.0,58.0,0.0,7.0,7.0,0.0,184.275,
2025-06-11,Finn,3,11.0,10.0,2.0,0.0,28.0,15.0,5.0,0.0,0.0,3.0,0.0,0.0,48.0,3.0,0.0,0.0,0.0,187.0857143,
2025-06-25,Finn,1,10.0,12.0,1.0,0.0,38.0,36.0,1.0,0.0,0.0,0.0,0.0,0.0,75.0,0.0,6.0,6.0,0.0,199.6777778,11.28615385
2025-06-25,Finn,2,6.0,17.0,4.0,0.0,28.0,43.0,6.0,0.0,0.0,0.0,0.0,0.0,77.0,0.0,41.0,4.0,37.0,189.2833333,11.36536232
2025-06-25,Finn,3,13.0,11.0,3.0,1.0,38.0,22.0,7.0,0.0,1.0,4.0,0.0,0.0,67.0,5.0,31.0,18.0,13.0,184.32,11.66114754
2025-04-23,Moxie,1,6.0,0.0,0.0,0.0,3.0,0.0,0.0,0.0,0.0,0.0,0.0,0.0,3.0,0.0,5.0,5.0,0.0,57.8,
2025-04-23,Moxie,2,3.0,0.0,0.0,0.0,4.0,0.0,0.0,0.0,0.0,0.0,0.0,0.0,4.0,0.0,6.0,6.0,0.0,65.25,
2025-04-23,Moxie,3,7.0,0.0,0.0,0.0,5.0,0.0,0.0,0.0,0.0,0.0,0.0,0.0,5.0,0.0,2.0,2.0,0.0,58.5,
2025-05-07,Moxie,1,6.0,3.0,0.0,0.0,10.0,4.0,0.0,0.0,0.0,0.0,0.0,0.0,14.0,0.0,15.0,9.0,6.0,78.8,
2025-05-07,Moxie,2,3.0,3.0,0.0,0.0,6.0,3.0,0.0,0.0,0.0,0.0,0.0,0.0,9.0,0.0,0.0,0.0,0.0,97.0666667,
2025-05-07,Moxie,3,11.0,4.0,0.0,0.0,14.0,4.0,0.0,0.0,0.0,0.0,0.0,0.0,18.0,0.0,27.0,18.0,9.0,69.45,
2025-05-21,Moxie,1,9.0,4.0,1.0,0.0,14.0,6.0,1.0,0.0,0.0,0.0,0.0,0.0,21.0,0.0,29.0,29.0,0.0,118.5166667,
2025-05-21,Moxie,2,5.0,5.0,1.0,0.0,8.0,8.0,1.0,0.0,0.0,0.0,0.0,0.0,17.0,0.0,0.0,0.0,0.0,142.6,
2025-05-21,Moxie,3,14.0,7.0,0.0,0.0,24.0,11.0,0.0,0.0,0.0,0.0,0.0,0.0,35.0,0.0,4.0,4.0,0.0,106.2727273,
2025-06-04,Moxie,1,13.0,6.0,1.0,0.0,22.0,11.0,2.0,0.0,0.0,0.0,0.0,0.0,35.0,0.0,8.0,8.0,0.0,117.54444444,
2025-06-04,Moxie,2,5.0,8.0,3.0,0.0,15.0,16.0,4.0,0.0,0.0,0.0,0.0,0.0,35.0,0.0,0.0,0.0,0.0,130.96,
2025-06-04,Moxie,3,15.0,9.0,0.0,0.0,40.0,20.0,0.0,0.0,0.0,0.0,0.0,0.0,60.0,0.0,0.0,0.0,0.0,124.2714286,
2025-06-18,Moxie,1,15.0,7.0,1.0,0.0,35.0,14.0,3.0,0.0,2.0,0.0,0.0,0.0,52.0,2.0,14.0,14.0,0.0,108.5071429,
2025-06-18,Moxie,2,5.0,11.0,4.0,0.0,18.0,26.0,7.0,0.0,2.0,0.0,0.0,0.0,51.0,2.0,0.0,0.0,0.0,163.06,
2025-06-18,Moxie,3,18.0,9.0,0.0,0.0,56.0,26.0,0.0,0.0,0.0,0.0,0.0,0.0,82.0,0.0,0.0,0.0,0.0,133.43125,
2025-07-02,Moxie,1,15.0,7.0,1.0,0.0,44.0,16.0,4.0,0.0,3.0,0.0,0.0,0.0,64.0,3.0,26.0,26.0,0.0,131.1307692,9.653125
2025-07-02,Moxie,2,5.0,12.0,4.0,0.0,21.0,31.0,9.0,0.0,3.0,1.0,0.0,0.0,61.0,4.0,13.0,4.0,9.0,180.82,9.198923077
2025-07-02,Moxie,3,19.0,9.0,0.0,0.0,67.0,29.0,0.0,0.0,0.0,0.0,0.0,0.0,96.0,0.0,6.0,6.0,0.0,149.4375,8.87
2025-04-23,Portola,1,3.0,2.0,0.0,0.0,6.0,2.0,0.0,0.0,0.0,0.0,0.0,0.0,8.0,0.0,4.0,4.0,0.0,95.666666667,
2025-04-23,Portola,2,5.0,3.0,0.0,0.0,7.0,3.0,0.0,0.0,0.0,0.0,0.0,0.0,10.0,0.0,0.0,0.0,0.0,70.825,
2025-04-23,Portola,3,3.0,1.0,0.0,0.0,5.0,1.0,0.0,0.0,0.0,0.0,0.0,0.0,6.0,0.0,0.0,0.0,0.0,94.65,
2025-05-07,Portola,1,3.0,6.0,0.0,0.0,9.0,7.0,0.0,0.0,0.0,0.0,0.0,0.0,16.0,0.0,7.0,7.0,0.0,145.3333333,
2025-05-07,Portola,2,6.0,11.0,0.0,0.0,13.0,14.0,0.0,0.0,0.0,0.0,0.0,0.0,27.0,0.0,0.0,0.0,0.0,123.02,
2025-05-07,Portola,3,5.0,7.0,0.0,0.0,9.0,9.0,0.0,0.0,0.0,0.0,0.0,0.0,18.0,0.0,6.0,6.0,0.0,115.825,
2025-05-21,Portola,1,5.0,11.0,1.0,0.0,13.0,18.0,1.0,0.0,0.0,0.0,0.0,0.0,32.0,0.0,15.0,15.0,0.0,177.0,
2025-05-21,Portola,2,10.0,22.0,6.0,0.0,21.0,39.0,6.0,0.0,0.0,0.0,0.0,0.0,66.0,0.0,6.0,6.0,0.0,158.25,
2025-05-21,Portola,3,7.0,17.0,3.0,0.0,15.0,28.0,3.0,0.0,0.0,0.0,0.0,0.0,46.0,0.0,5.0,5.0,0.0,155.18,
2025-06-04,Portola,1,7.0,15.0,3.0,0.0,15.0,30.0,3.0,0.0,0.0,0.0,0.0,0.0,48.0,0.0,0.0,0.0,0.0,182.4666667,
2025-06-04,Portola,2,11.0,28.0,11.0,0.0,31.0,64.0,15.0,0.0,0.0,0.0,0.0,0.0,110.0,0.0,0.0,0.0,0.0,138.2,
2025-06-04,Portola,3,9.0,19.0,7.0,0.0,24.0,49.0,11.0,0.0,0.0,0.0,0.0,0.0,84.0,0.0,9.0,9.0,0.0,157.1428571,
2025-06-18,Portola,1,9.0,19.0,3.0,0.0,20.0,44.0,5.0,0.0,0.0,0.0,0.0,0.0,69.0,0.0,0.0,0.0,0.0,142.91666667,
2025-06-18,Portola,2,11.0,31.0,13.0,0.0,43.0,84.0,24.0,0.0,0.0,0.0,0.0,0.0,151.0,0.0,0.0,0.0,0.0,152.46,
2025-06-18,Portola,3,10.0,23.0,9.0,0.0,33.0,71.0,21.0,0.0,0.0,0.0,0.0,0.0,125.0,0.0,28.0,18.0,10.0,158.94,
2025-07-02,Portola,1,10.0,21.0,4.0,0.0,13.0,58.0,8.0,0.0,0.0,0.0,0.0,0.0,79.0,0.0,3.0,0.0,3.0,159.9166667,7.572151899
2025-07-02,Portola,2,11.0,37.0,18.0,1.0,55.0,112.0,36.0,1.0,0.0,0.0,0.0,0.0,204.0,0.0,55.0,40.0,15.0,185.98,6.878778626
2025-07-02,Portola,3,10.0,27.0,12.0,0.0,41.0,94.0,31.0,0.0,1.0,1.0,0.0,0.0,166.0,2.0,17.0,11.0,6.0,179.733333,9.874357143
2025-04-23,Radiance,1,8.0,3.0,0.0,0.0,8.0,3.0,0.0,0.0,0.0,0.0,0.0,0.0,11.0,0.0,0.0,0.0,0.0,79.68,
2025-04-23,Radiance,2,18.0,1.0,0.0,0.0,16.0,1.0,0.0,0.0,0.0,0.0,0.0,0.0,17.0,0.0,0.0,0.0,0.0,78.17,
2025-04-23,Radiance,3,16.0,2.0,0.0,0.0,19.0,2.0,0.0,0.0,0.0,0.0,0.0,0.0,21.0,0.0,0.0,0.0,0.0,80.71666667,
2025-05-07,Radiance,1,15.0,11.0,1.0,0.0,18.0,12.0,1.0,0.0,2.0,2.0,0.0,0.0,31.0,4.0,0.0,0.0,0.0,121.03,
2025-05-07,Radiance,2,23.0,14.0,1.0,0.0,39.0,14.0,1.0,0.0,0.0,2.0,0.0,0.0,54.0,2.0,0.0,0.0,0.0,136.7222222,
2025-05-07,Radiance,3,20.0,16.0,1.0,0.0,43.0,19.0,1.0,0.0,0.0,3.0,0.0,0.0,63.0,3.0,0.0,0.0,0.0,140.3647059,
2025-05-21,Radiance,1,19.0,25.0,12.0,0.0,35.0,40.0,14.0,0.0,5.0,6.0,0.0,0.0,89.0,11.0,0.0,0.0,0.0,159.56875,
2025-05-21,Radiance,2,26.0,37.0,6.0,0.0,63.0,48.0,6.0,0.0,2.0,6.0,1.0,0.0,117.0,9.0,0.0,0.0,0.0,172.4913043,
2025-05-21,Radiance,3,24.0,36.0,7.0,0.0,65.0,47.0,8.0,0.0,2.0,11.0,0.0,0.0,120.0,13.0,0.0,0.0,0.0,159.4826087,
2025-06-04,Radiance,1,21.0,39.0,26.0,2.0,52.0,71.0,41.0,2.0,7.0,13.0,0.0,0.0,166.0,20.0,0.0,0.0,0.0,181.105,
2025-06-04,Radiance,2,29.0,60.0,14.0,0.0,92.0,101.0,18.0,0.0,5.0,11.0,2.0,0.0,211.0,18.0,0.0,0.0,0.0,186.3448276,
2025-06-04,Radiance,3,30.0,49.0,18.0,0.0,88.0,83.0,27.0,0.0,3.0,20.0,0.0,0.0,198.0,23.0,0.0,0.0,0.0,171.762963,
2025-06-18,Radiance,1,24.0,53.0,34.0,6.0,65.0,107.0,60.0,7.0,9.0,23.0,0.0,0.0,239.0,32.0,0.0,0.0,0.0,187.8636364,
2025-06-18,Radiance,2,35.0,68.0,20.0,0.0,118.0,155.0,34.0,0.0,8.0,17.0,4.0,0.0,307.0,29.0,0.0,0.0,0.0,198.0242424,
2025-06-18,Radiance,3,45.0,65.0,32.0,2.0,118.0,124.0,54.0,2.0,4.0,35.0,0.0,0.0,298.0,39.0,0.0,0.0,0.0,166.1394737,
2025-07-02,Radiance,1,27.0,55.0,34.0,6.0,79.0,127.0,69.0,10.0,11.0,24.0,1.0,0.0,285.0,36.0,0.0,0.0,0.0,204.1136364,8.56
2025-07-02,Radiance,2,38.0,75.0,22.0,0.0,143.0,196.0,47.0,0.0,11.0,20.0,4.0,0.0,386.0,35.0,0.0,0.0,0.0,223.2454545,7.42
2025-07-02,Radiance,3,48.0,75.0,35.0,2.0,163.0,159.0,75.0,3.0,5.0,41.0,1.0,0.0,400.0,47.0,0.0,0.0,0.0,194.5815789,6.03
2025-04-23,Ruby June,1,5.0,0.0,0.0,0.0,5.0,0.0,0.0,0.0,0.0,0.0,0.0,0.0,5.0,0.0,8.0,8.0,0.0,63.93333333,
2025-04-23,Ruby June,2,6.0,1.0,0.0,0.0,3.0,1.0,0.0,0.0,0.0,0.0,0.0,0.0,4.0,0.0,5.0,5.0,0.0,71.8,
2025-04-23,Ruby June,3,4.0,1.0,0.0,0.0,2.0,1.0,0.0,0.0,0.0,0.0,0.0,0.0,3.0,0.0,8.0,8.0,0.0,82.9,
2025-05-07,Ruby June,1,8.0,7.0,0.0,0.0,12.0,8.0,0.0,0.0,0.0,0.0,0.0,0.0,20.0,0.0,0.0,0.0,0.0,95.46666667,
2025-05-07,Ruby June,2,8.0,4.0,0.0,0.0,11.0,5.0,0.0,0.0,0.0,0.0,0.0,0.0,16.0,0.0,0.0,0.0,0.0,89.7,
2025-05-07,Ruby June,3,7.0,3.0,0.0,0.0,7.0,2.0,0.0,0.0,0.0,2.0,0.0,0.0,9.0,2.0,0.0,0.0,0.0,82.12,
2025-05-21,Ruby June,1,9.0,13.0,1.0,0.0,19.0,22.0,1.0,0.0,2.0,0.0,0.0,0.0,42.0,2.0,0.0,0.0,0.0,127.2375,
2025-05-21,Ruby June,2,13.0,10.0,1.0,0.0,20.0,14.0,1.0,0.0,1.0,1.0,0.0,0.0,35.0,2.0,0.0,0.0,0.0,117.5555556,
2025-05-21,Ruby June,3,10.0,6.0,2.0,0.0,15.0,6.0,2.0,0.0,0.0,4.0,0.0,0.0,23.0,4.0,0.0,0.0,0.0,117.55,
2025-06-04,Ruby June,1,9.0,15.0,3.0,0.0,24.0,32.0,3.0,0.0,3.0,0.0,0.0,0.0,59.0,3.0,0.0,0.0,0.0,155.0333333,
2025-06-04,Ruby June,2,13.0,14.0,2.0,0.0,33.0,26.0,3.0,0.0,2.0,1.0,0.0,0.0,62.0,3.0,0.0,0.0,0.0,140.4538462,
2025-06-04,Ruby June,3,15.0,14.0,3.0,0.0,31.0,20.0,5.0,0.0,0.0,6.0,0.0,0.0,56.0,6.0,0.0,0.0,0.0,131.8583333,
2025-06-18,Ruby June,1,11.0,16.0,3.0,0.0,30.0,41.0,4.0,0.0,5.0,0.0,0.0,0.0,75.0,5.0,0.0,0.0,0.0,156.2,
2025-06-18,Ruby June,2,19.0,20.0,4.0,0.0,44.0,45.0,7.0,0.0,3.0,0.0,0.0,0.0,96.0,3.0,0.0,0.0,0.0,181.0,
2025-06-18,Ruby June,3,19.0,16.0,3.0,0.0,44.0,31.0,6.0,0.0,0.0,8.0,0.0,0.0,81.0,8.0,0.0,0.0,0.0,145.5785714,
2025-07-02,Ruby June,1,16.0,17.0,3.0,0.0,33.0,43.0,5.0,0.0,5.0,0.0,0.0,0.0,81.0,5.0,0.0,0.0,0.0,166.1666667,10.64
2025-07-02,Ruby June,2,25.0,24.0,5.0,0.0,62.0,64.0,10.0,0.0,4.0,1.0,0.0,0.0,136.0,5.0,0.0,0.0,0.0,199.4615385,9.222197802
2025-07-02,Ruby June,3,23.0,19.0,5.0,0.0,61.0,47.0,9.0,0.0,0.0,10.0,0.0,0.0,117.0,10.0,0.0,0.0,0.0,159.8714286,8.653218391
2025-04-16,Sensation,1,2.0,0.0,0.0,0.0,0.0,0.0,0.0,0.0,0.0,0.0,0.0,0.0,0.0,0.0,7.0,7.0,0.0,,
2025-04-16,Sensation,2,4.0,0.0,0.0,0.0,3.0,0.0,0.0,0.0,0.0,0.0,0.0,0.0,3.0,0.0,0.0,0.0,0.0,70.5,
2025-04-16,Sensation,3,4.0,0.0,0.0,0.0,3.0,0.0,0.0,0.0,0.0,0.0,0.0,0.0,3.0,0.0,0.0,0.0,0.0,96.0,
2025-04-30,Sensation,1,7.0,2.0,0.0,0.0,6.0,2.0,0.0,0.0,0.0,0.0,0.0,0.0,8.0,0.0,0.0,0.0,0.0,54.4,
2025-04-30,Sensation,2,9.0,6.0,0.0,0.0,7.0,7.0,0.0,0.0,0.0,0.0,0.0,0.0,14.0,0.0,0.0,0.0,0.0,112.225,
2025-04-30,Sensation,3,7.0,6.0,0.0,0.0,9.0,6.0,0.0,0.0,1.0,0.0,0.0,0.0,15.0,1.0,0.0,0.0,0.0,114.48,
2025-05-14,Sensation,1,8.0,10.0,1.0,0.0,14.0,11.0,1.0,0.0,2.0,1.0,0.0,0.0,26.0,3.0,0.0,0.0,0.0,111.0375,
2025-05-14,Sensation,2,11.0,14.0,1.0,0.0,22.0,19.0,1.0,0.0,0.0,2.0,0.0,0.0,42.0,2.0,0.0,0.0,0.0,138.8111111,
2025-05-14,Sensation,3,10.0,15.0,0.0,0.0,18.0,26.0,0.0,0.0,3.0,0.0,0.0,0.0,44.0,3.0,0.0,0.0,0.0,147.7,
2025-05-28,Sensation,1,11.0,16.0,4.0,0.0,22.0,27.0,6.0,0.0,3.0,2.0,0.0,0.0,55.0,5.0,0.0,0.0,0.0,155.43333333,
2025-05-28,Sensation,2,15.0,23.0,3.0,0.0,36.0,41.0,5.0,0.0,0.0,4.0,0.0,0.0,82.0,4.0,0.0,0.0,0.0,157.3461538,
2025-05-28,Sensation,3,11.0,22.0,1.0,0.0,27.0,45.0,1.0,0.0,5.0,0.0,0.0,0.0,73.0,5.0,0.0,0.0,0.0,172.97,
2025-06-11,Sensation,1,13.0,18.0,5.0,1.0,37.0,49.0,13.0,1.0,7.0,3.0,0.0,0.0,100.0,10.0,0.0,0.0,0.0,174.83333333,
2025-06-11,Sensation,2,15.0,29.0,4.0,0.0,51.0,65.0,7.0,0.0,0.0,5.0,0.0,0.0,123.0,5.0,0.0,0.0,0.0,174.6,
2025-06-11,Sensation,3,10.0,30.0,2.0,0.0,35.0,72.0,3.0,0.0,6.0,0.0,0.0,0.0,110.0,6.0,0.0,0.0,0.0,196.9909091,
2025-06-25,Sensation,1,12.0,18.0,5.0,1.0,43.0,57.0,14.0,1.0,6.0,3.0,0.0,0.0,115.0,9.0,0.0,0.0,0.0,195.475,6.516741573
2025-06-25,Sensation,2,16.0,31.0,7.0,0.0,64.0,87.0,12.0,0.0,1.0,6.0,0.0,0.0,163.0,7.0,0.0,0.0,0.0,194.88,7.276268657
2025-06-25,Sensation,3,14.0,34.0,2.0,0.0,43.0,100.0,4.0,0.0,6.0,0.0,0.0,0.0,147.0,6.0,0.0,0.0,0.0,244.3454545,7.594358974
