date,cultivar,trait,mean_value,se_value,n_reps
2025-04-16,Albion,crown_diameter_mm,,,0
2025-04-30,Albion,crown_diameter_mm,,,0
2025-05-14,Albion,crown_diameter_mm,,,0
2025-05-28,Albion,crown_diameter_mm,,,0
2025-06-11,Albion,crown_diameter_mm,,,0
2025-06-25,Albion,crown_diameter_mm,11.232518166,0.3433187718548464,3
2025-04-16,Albion,n_dp_alt_primary,1.3333333333333333,0.3333333333333333,3
2025-04-30,Albion,n_dp_alt_primary,4.0,0.5773502691896258,3
2025-05-14,Albion,n_dp_alt_primary,8.0,0.5773502691896258,3
2025-05-28,Albion,n_dp_alt_primary,12.0,0.5773502691896258,3
2025-06-11,Albion,n_dp_alt_primary,18.333333333333332,2.3333333333333335,3
2025-06-25,Albion,n_dp_alt_primary,24.666666666666668,3.7564758898615485,3
2025-04-16,Albion,n_dp_alt_quaternary,0.0,0.0,3
2025-04-30,Albion,n_dp_alt_quaternary,0.0,0.0,3
2025-05-14,Albion,n_dp_alt_quaternary,0.0,0.0,3
2025-05-28,Albion,n_dp_alt_quaternary,0.0,0.0,3
2025-06-11,Albion,n_dp_alt_quaternary,0.0,0.0,3
2025-06-25,Albion,n_dp_alt_quaternary,0.0,0.0,3
2025-04-16,Albion,n_dp_alt_secondary,0.3333333333333333,0.33333333333333337,3
2025-04-30,Albion,n_dp_alt_secondary,4.0,0.5773502691896258,3
2025-05-14,Albion,n_dp_alt_secondary,10.666666666666666,1.7638342073763937,3
2025-05-28,Albion,n_dp_alt_secondary,19.0,4.041451884327381,3
2025-06-11,Albion,n_dp_alt_secondary,30.0,5.686240703077327,3
2025-06-25,Albion,n_dp_alt_secondary,43.0,5.686240703077327,3
2025-04-16,Albion,n_dp_alt_tertiary,0.0,0.0,3
2025-04-30,Albion,n_dp_alt_tertiary,0.0,0.0,3
2025-05-14,Albion,n_dp_alt_tertiary,0.3333333333333333,0.33333333333333337,3
2025-05-28,Albion,n_dp_alt_tertiary,1.0,0.5773502691896258,3
2025-06-11,Albion,n_dp_alt_tertiary,2.0,1.0,3
2025-06-25,Albion,n_dp_alt_tertiary,3.6666666666666665,1.2018504251546633,3
2025-04-16,Albion,n_dp_mid_primary,0.0,0.0,3
2025-04-30,Albion,n_dp_mid_primary,0.0,0.0,3
2025-05-14,Albion,n_dp_mid_primary,0.0,0.0,3
2025-05-28,Albion,n_dp_mid_primary,0.0,0.0,3
2025-06-11,Albion,n_dp_mid_primary,0.0,0.0,3
2025-06-25,Albion,n_dp_mid_primary,0.0,0.0,3
2025-04-16,Albion,n_dp_mid_quaternary,0.0,0.0,3
2025-04-30,Albion,n_dp_mid_quaternary,0.0,0.0,3
2025-05-14,Albion,n_dp_mid_quaternary,0.0,0.0,3
2025-05-28,Albion,n_dp_mid_quaternary,0.0,0.0,3
2025-06-11,Albion,n_dp_mid_quaternary,0.0,0.0,3
2025-06-25,Albion,n_dp_mid_quaternary,0.0,0.0,3
2025-04-16,Albion,n_dp_mid_secondary,0.0,0.0,3
2025-04-30,Albion,n_dp_mid_secondary,0.0,0.0,3
2025-05-14,Albion,n_dp_mid_secondary,0.0,0.0,3
2025-05-28,Albion,n_dp_mid_secondary,0.0,0.0,3
2025-06-11,Albion,n_dp_mid_secondary,0.0,0.0,3
2025-06-25,Albion,n_dp_mid_secondary,0.3333333333333333,0.33333333333333337,3
2025-04-16,Albion,n_dp_mid_tertiary,0.0,0.0,3
2025-04-30,Albion,n_dp_mid_tertiary,0.0,0.0,3
2025-05-14,Albion,n_dp_mid_tertiary,0.0,0.0,3
2025-05-28,Albion,n_dp_mid_tertiary,0.0,0.0,3
2025-06-11,Albion,n_dp_mid_tertiary,0.0,0.0,3
2025-06-25,Albion,n_dp_mid_tertiary,0.0,0.0,3
2025-04-16,Albion,n_dp_total_alt,1.6666666666666667,0.6666666666666667,3
2025-04-30,Albion,n_dp_total_alt,8.0,1.1547005383792517,3
2025-05-14,Albion,n_dp_total_alt,19.0,1.7320508075688774,3
2025-05-28,Albion,n_dp_total_alt,32.0,4.582575694955841,3
2025-06-11,Albion,n_dp_total_alt,50.333333333333336,6.0644684662200845,3
2025-06-25,Albion,n_dp_total_alt,71.33333333333333,7.666666666666666,3
2025-04-16,Albion,n_dp_total_mid,0.0,0.0,3
2025-04-30,Albion,n_dp_total_mid,0.0,0.0,3
2025-05-14,Albion,n_dp_total_mid,0.0,0.0,3
2025-05-28,Albion,n_dp_total_mid,0.0,0.0,3
2025-06-11,Albion,n_dp_total_mid,0.0,0.0,3
2025-06-25,Albion,n_dp_total_mid,0.3333333333333333,0.33333333333333337,3
2025-04-16,Albion,n_flowers_dp,0.0,0.0,3
2025-04-30,Albion,n_flowers_dp,0.0,0.0,3
2025-05-14,Albion,n_flowers_dp,0.0,0.0,3
2025-05-28,Albion,n_flowers_dp,0.0,0.0,3
2025-06-11,Albion,n_flowers_dp,0.0,0.0,3
2025-06-25,Albion,n_flowers_dp,2.0,1.0,3
2025-04-16,Albion,n_flowers_mp,4.0,2.0,3
2025-04-30,Albion,n_flowers_mp,3.6666666666666665,2.0275875100994067,3
2025-05-14,Albion,n_flowers_mp,5.333333333333333,2.666666666666667,3
2025-05-28,Albion,n_flowers_mp,0.6666666666666666,0.6666666666666667,3
2025-06-11,Albion,n_flowers_mp,0.0,0.0,3
2025-06-25,Albion,n_flowers_mp,5.333333333333333,2.905932629027116,3
2025-04-16,Albion,n_flowers_total,4.0,2.0,3
2025-04-30,Albion,n_flowers_total,3.6666666666666665,2.0275875100994067,3
2025-05-14,Albion,n_flowers_total,5.333333333333333,2.666666666666667,3
2025-05-28,Albion,n_flowers_total,0.6666666666666666,0.6666666666666667,3
2025-06-11,Albion,n_flowers_total,0.0,0.0,3
2025-06-25,Albion,n_flowers_total,7.333333333333333,2.0275875100994067,3
2025-04-16,Albion,n_stolon_primary,2.0,0.0,3
2025-04-30,Albion,n_stolon_primary,3.6666666666666665,0.33333333333333337,3
2025-05-14,Albion,n_stolon_primary,4.333333333333333,0.33333333333333337,3
2025-05-28,Albion,n_stolon_primary,5.666666666666667,0.8819171036881969,3
2025-06-11,Albion,n_stolon_primary,6.0,1.1547005383792517,3
2025-06-25,Albion,n_stolon_primary,6.666666666666667,1.4529663145135578,3
2025-04-16,Albion,n_stolon_quaternary,0.0,0.0,3
2025-04-30,Albion,n_stolon_quaternary,0.0,0.0,3
2025-05-14,Albion,n_stolon_quaternary,0.0,0.0,3
2025-05-28,Albion,n_stolon_quaternary,0.0,0.0,3
2025-06-11,Albion,n_stolon_quaternary,0.0,0.0,3
2025-06-25,Albion,n_stolon_quaternary,0.0,0.0,3
2025-04-16,Albion,n_stolon_secondary,0.3333333333333333,0.33333333333333337,3
2025-04-30,Albion,n_stolon_secondary,3.0,0.5773502691896258,3
2025-05-14,Albion,n_stolon_secondary,6.666666666666667,1.2018504251546631,3
2025-05-28,Albion,n_stolon_secondary,9.666666666666666,1.6666666666666667,3
2025-06-11,Albion,n_stolon_secondary,12.0,2.0816659994661326,3
2025-06-25,Albion,n_stolon_secondary,15.666666666666666,2.4037008503093262,3
2025-04-16,Albion,n_stolon_tertiary,0.0,0.0,3
2025-04-30,Albion,n_stolon_tertiary,0.0,0.0,3
2025-05-14,Albion,n_stolon_tertiary,0.3333333333333333,0.33333333333333337,3
2025-05-28,Albion,n_stolon_tertiary,0.6666666666666666,0.33333333333333337,3
2025-06-11,Albion,n_stolon_tertiary,1.3333333333333333,0.3333333333333333,3
2025-06-25,Albion,n_stolon_tertiary,1.6666666666666667,0.3333333333333333,3
2025-04-16,Albion,stolon_length_primary_cm,82.06666666666666,6.759026885909274,3
2025-04-30,Albion,stolon_length_primary_cm,107.2,7.299315036357864,3
2025-05-14,Albion,stolon_length_primary_cm,125.325,2.860543363302389,3
2025-05-28,Albion,stolon_length_primary_cm,150.83833333333334,0.36715497787415774,3
2025-06-11,Albion,stolon_length_primary_cm,169.67083333333335,11.918980690245473,3
2025-06-25,Albion,stolon_length_primary_cm,209.8166666666667,10.920330174088658,3
2025-04-23,Brilliance,crown_diameter_mm,,,0
2025-05-07,Brilliance,crown_diameter_mm,,,0
2025-05-21,Brilliance,crown_diameter_mm,,,0
2025-06-04,Brilliance,crown_diameter_mm,,,0
2025-06-18,Brilliance,crown_diameter_mm,,,0
2025-07-02,Brilliance,crown_diameter_mm,7.2936392539999995,0.6664921645358034,3
2025-04-23,Brilliance,n_dp_alt_primary,5.0,1.0,3
2025-05-07,Brilliance,n_dp_alt_primary,12.0,2.0,3
2025-05-21,Brilliance,n_dp_alt_primary,18.666666666666668,1.3333333333333335,3
2025-06-04,Brilliance,n_dp_alt_primary,31.333333333333332,1.666666666666667,3
2025-06-18,Brilliance,n_dp_alt_primary,40.333333333333336,2.3333333333333335,3
2025-07-02,Brilliance,n_dp_alt_primary,49.333333333333336,2.728450923957484,3
2025-04-23,Brilliance,n_dp_alt_quaternary,0.0,0.0,3
2025-05-07,Brilliance,n_dp_alt_quaternary,0.0,0.0,3
2025-05-21,Brilliance,n_dp_alt_quaternary,0.0,0.0,3
2025-06-04,Brilliance,n_dp_alt_quaternary,0.0,0.0,3
2025-06-18,Brilliance,n_dp_alt_quaternary,0.0,0.0,3
2025-07-02,Brilliance,n_dp_alt_quaternary,0.0,0.0,3
2025-04-23,Brilliance,n_dp_alt_secondary,3.0,0.5773502691896258,3
2025-05-07,Brilliance,n_dp_alt_secondary,12.666666666666666,1.7638342073763937,3
2025-05-21,Brilliance,n_dp_alt_secondary,27.0,3.6055512754639896,3
2025-06-04,Brilliance,n_dp_alt_secondary,54.0,4.509249752822894,3
2025-06-18,Brilliance,n_dp_alt_secondary,78.33333333333333,5.840471822645077,3
2025-07-02,Brilliance,n_dp_alt_secondary,99.33333333333333,4.910306620885413,3
2025-04-23,Brilliance,n_dp_alt_tertiary,0.0,0.0,3
2025-05-07,Brilliance,n_dp_alt_tertiary,0.3333333333333333,0.33333333333333337,3
2025-05-21,Brilliance,n_dp_alt_tertiary,4.666666666666667,1.4529663145135578,3
2025-06-04,Brilliance,n_dp_alt_tertiary,12.0,1.5275252316519468,3
2025-06-18,Brilliance,n_dp_alt_tertiary,21.333333333333332,2.0275875100994067,3
2025-07-02,Brilliance,n_dp_alt_tertiary,27.666666666666668,0.8819171036881969,3
2025-04-23,Brilliance,n_dp_mid_primary,1.0,1.0,3
2025-05-07,Brilliance,n_dp_mid_primary,1.3333333333333333,1.3333333333333335,3
2025-05-21,Brilliance,n_dp_mid_primary,1.6666666666666667,1.6666666666666667,3
2025-06-04,Brilliance,n_dp_mid_primary,2.0,2.0,3
2025-06-18,Brilliance,n_dp_mid_primary,2.3333333333333335,2.3333333333333335,3
2025-07-02,Brilliance,n_dp_mid_primary,2.6666666666666665,2.666666666666667,3
2025-04-23,Brilliance,n_dp_mid_quaternary,0.0,0.0,3
2025-05-07,Brilliance,n_dp_mid_quaternary,0.0,0.0,3
2025-05-21,Brilliance,n_dp_mid_quaternary,0.0,0.0,3
2025-06-04,Brilliance,n_dp_mid_quaternary,0.0,0.0,3
2025-06-18,Brilliance,n_dp_mid_quaternary,0.0,0.0,3
2025-07-02,Brilliance,n_dp_mid_quaternary,0.0,0.0,3
2025-04-23,Brilliance,n_dp_mid_secondary,0.0,0.0,3
2025-05-07,Brilliance,n_dp_mid_secondary,0.0,0.0,3
2025-05-21,Brilliance,n_dp_mid_secondary,0.0,0.0,3
2025-06-04,Brilliance,n_dp_mid_secondary,0.0,0.0,3
2025-06-18,Brilliance,n_dp_mid_secondary,0.0,0.0,3
2025-07-02,Brilliance,n_dp_mid_secondary,0.0,0.0,3
2025-04-23,Brilliance,n_dp_mid_tertiary,0.0,0.0,3
2025-05-07,Brilliance,n_dp_mid_tertiary,0.0,0.0,3
2025-05-21,Brilliance,n_dp_mid_tertiary,0.0,0.0,3
2025-06-04,Brilliance,n_dp_mid_tertiary,0.0,0.0,3
2025-06-18,Brilliance,n_dp_mid_tertiary,0.0,0.0,3
2025-07-02,Brilliance,n_dp_mid_tertiary,0.0,0.0,3
2025-04-23,Brilliance,n_dp_total_alt,8.0,1.1547005383792517,3
2025-05-07,Brilliance,n_dp_total_alt,25.0,2.886751345948129,3
2025-05-21,Brilliance,n_dp_total_alt,50.333333333333336,2.96273147243853,3
2025-06-04,Brilliance,n_dp_total_alt,97.33333333333333,5.2068331172711035,3
2025-06-18,Brilliance,n_dp_total_alt,140.0,8.386497083606082,3
2025-07-02,Brilliance,n_dp_total_alt,176.33333333333334,7.125852775477317,3
2025-04-23,Brilliance,n_dp_total_mid,1.0,1.0,3
2025-05-07,Brilliance,n_dp_total_mid,1.3333333333333333,1.3333333333333335,3
2025-05-21,Brilliance,n_dp_total_mid,1.6666666666666667,1.6666666666666667,3
2025-06-04,Brilliance,n_dp_total_mid,2.0,2.0,3
2025-06-18,Brilliance,n_dp_total_mid,2.3333333333333335,2.3333333333333335,3
2025-07-02,Brilliance,n_dp_total_mid,2.6666666666666665,2.666666666666667,3
2025-04-23,Brilliance,n_flowers_dp,0.0,0.0,3
2025-05-07,Brilliance,n_flowers_dp,0.0,0.0,3
2025-05-21,Brilliance,n_flowers_dp,0.0,0.0,3
2025-06-04,Brilliance,n_flowers_dp,0.0,0.0,3
2025-06-18,Brilliance,n_flowers_dp,0.0,0.0,3
2025-07-02,Brilliance,n_flowers_dp,0.0,0.0,3
2025-04-23,Brilliance,n_flowers_mp,1.6666666666666667,1.6666666666666667,3
2025-05-07,Brilliance,n_flowers_mp,0.0,0.0,3
2025-05-21,Brilliance,n_flowers_mp,0.0,0.0,3
2025-06-04,Brilliance,n_flowers_mp,0.0,0.0,3
2025-06-18,Brilliance,n_flowers_mp,0.0,0.0,3
2025-07-02,Brilliance,n_flowers_mp,0.0,0.0,3
2025-04-23,Brilliance,n_flowers_total,1.6666666666666667,1.6666666666666667,3
2025-05-07,Brilliance,n_flowers_total,0.0,0.0,3
2025-05-21,Brilliance,n_flowers_total,0.0,0.0,3
2025-06-04,Brilliance,n_flowers_total,0.0,0.0,3
2025-06-18,Brilliance,n_flowers_total,0.0,0.0,3
2025-07-02,Brilliance,n_flowers_total,0.0,0.0,3
2025-04-23,Brilliance,n_stolon_primary,4.333333333333333,0.33333333333333337,3
2025-05-07,Brilliance,n_stolon_primary,7.0,0.0,3
2025-05-21,Brilliance,n_stolon_primary,9.0,0.0,3
2025-06-04,Brilliance,n_stolon_primary,10.0,0.0,3
2025-06-18,Brilliance,n_stolon_primary,11.666666666666666,0.6666666666666667,3
2025-07-02,Brilliance,n_stolon_primary,12.666666666666666,0.3333333333333333,3
2025-04-23,Brilliance,n_stolon_quaternary,0.0,0.0,3
2025-05-07,Brilliance,n_stolon_quaternary,0.0,0.0,3
2025-05-21,Brilliance,n_stolon_quaternary,0.0,0.0,3
2025-06-04,Brilliance,n_stolon_quaternary,0.0,0.0,3
2025-06-18,Brilliance,n_stolon_quaternary,0.0,0.0,3
2025-07-02,Brilliance,n_stolon_quaternary,0.0,0.0,3
2025-04-23,Brilliance,n_stolon_secondary,3.0,0.5773502691896258,3
2025-05-07,Brilliance,n_stolon_secondary,8.0,0.5773502691896258,3
2025-05-21,Brilliance,n_stolon_secondary,14.333333333333334,1.3333333333333335,3
2025-06-04,Brilliance,n_stolon_secondary,22.0,1.1547005383792517,3
2025-06-18,Brilliance,n_stolon_secondary,26.333333333333332,1.763834207376394,3
2025-07-02,Brilliance,n_stolon_secondary,28.666666666666668,1.763834207376394,3
2025-04-23,Brilliance,n_stolon_tertiary,0.0,0.0,3
2025-05-07,Brilliance,n_stolon_tertiary,0.3333333333333333,0.33333333333333337,3
2025-05-21,Brilliance,n_stolon_tertiary,4.0,1.0,3
2025-06-04,Brilliance,n_stolon_tertiary,6.666666666666667,0.33333333333333337,3
2025-06-18,Brilliance,n_stolon_tertiary,10.333333333333334,1.2018504251546633,3
2025-07-02,Brilliance,n_stolon_tertiary,12.333333333333334,1.2018504251546631,3
2025-04-23,Brilliance,stolon_length_primary_cm,115.75,0.4358898943540671,3
2025-05-07,Brilliance,stolon_length_primary_cm,105.46777777666667,4.265941924140926,3
2025-05-21,Brilliance,stolon_length_primary_cm,143.71904763333333,1.7364114592080246,3
2025-06-04,Brilliance,stolon_length_primary_cm,159.37037036666666,2.1684317886062527,3
2025-06-18,Brilliance,stolon_length_primary_cm,170.11878786666668,7.120945736810568,3
2025-07-02,Brilliance,stolon_length_primary_cm,198.90606060000002,4.649394923091858,3
2025-04-16,Cabrio,crown_diameter_mm,,,0
2025-04-30,Cabrio,crown_diameter_mm,,,0
2025-05-14,Cabrio,crown_diameter_mm,,,0
2025-05-28,Cabrio,crown_diameter_mm,,,0
2025-06-11,Cabrio,crown_diameter_mm,,,0
2025-06-25,Cabrio,crown_diameter_mm,10.593696269666667,0.994322009224305,3
2025-04-16,Cabrio,n_dp_alt_primary,2.0,0.0,3
2025-04-30,Cabrio,n_dp_alt_primary,5.666666666666667,0.8819171036881969,3
2025-05-14,Cabrio,n_dp_alt_primary,12.0,2.0816659994661326,3
2025-05-28,Cabrio,n_dp_alt_primary,21.333333333333332,3.48010216963685,3
2025-06-11,Cabrio,n_dp_alt_primary,33.666666666666664,5.04424865014052,3
2025-06-25,Cabrio,n_dp_alt_primary,50.0,8.544003745317532,3
2025-04-16,Cabrio,n_dp_alt_quaternary,0.0,0.0,3
2025-04-30,Cabrio,n_dp_alt_quaternary,0.0,0.0,3
2025-05-14,Cabrio,n_dp_alt_quaternary,0.0,0.0,3
2025-05-28,Cabrio,n_dp_alt_quaternary,0.0,0.0,3
2025-06-11,Cabrio,n_dp_alt_quaternary,0.0,0.0,3
2025-06-25,Cabrio,n_dp_alt_quaternary,0.0,0.0,3
2025-04-16,Cabrio,n_dp_alt_secondary,0.0,0.0,3
2025-04-30,Cabrio,n_dp_alt_secondary,0.6666666666666666,0.33333333333333337,3
2025-05-14,Cabrio,n_dp_alt_secondary,10.333333333333334,1.3333333333333335,3
2025-05-28,Cabrio,n_dp_alt_secondary,23.0,3.6055512754639896,3
2025-06-11,Cabrio,n_dp_alt_secondary,41.666666666666664,6.173419725817379,3
2025-06-25,Cabrio,n_dp_alt_secondary,65.33333333333333,6.333333333333334,3
2025-04-16,Cabrio,n_dp_alt_tertiary,0.0,0.0,3
2025-04-30,Cabrio,n_dp_alt_tertiary,0.0,0.0,3
2025-05-14,Cabrio,n_dp_alt_tertiary,0.3333333333333333,0.33333333333333337,3
2025-05-28,Cabrio,n_dp_alt_tertiary,2.0,0.5773502691896258,3
2025-06-11,Cabrio,n_dp_alt_tertiary,7.0,1.5275252316519468,3
2025-06-25,Cabrio,n_dp_alt_tertiary,11.0,3.2145502536643185,3
2025-04-16,Cabrio,n_dp_mid_primary,0.0,0.0,3
2025-04-30,Cabrio,n_dp_mid_primary,0.3333333333333333,0.33333333333333337,3
2025-05-14,Cabrio,n_dp_mid_primary,1.0,1.0,3
2025-05-28,Cabrio,n_dp_mid_primary,1.3333333333333333,1.3333333333333335,3
2025-06-11,Cabrio,n_dp_mid_primary,1.6666666666666667,1.6666666666666667,3
2025-06-25,Cabrio,n_dp_mid_primary,2.0,2.0,3
2025-04-16,Cabrio,n_dp_mid_quaternary,0.0,0.0,3
2025-04-30,Cabrio,n_dp_mid_quaternary,0.0,0.0,3
2025-05-14,Cabrio,n_dp_mid_quaternary,0.0,0.0,3
2025-05-28,Cabrio,n_dp_mid_quaternary,0.0,0.0,3
2025-06-11,Cabrio,n_dp_mid_quaternary,0.0,0.0,3
2025-06-25,Cabrio,n_dp_mid_quaternary,0.0,0.0,3
2025-04-16,Cabrio,n_dp_mid_secondary,0.0,0.0,3
2025-04-30,Cabrio,n_dp_mid_secondary,2.0,0.5773502691896258,3
2025-05-14,Cabrio,n_dp_mid_secondary,0.0,0.0,3
2025-05-28,Cabrio,n_dp_mid_secondary,0.0,0.0,3
2025-06-11,Cabrio,n_dp_mid_secondary,0.6666666666666666,0.6666666666666667,3
2025-06-25,Cabrio,n_dp_mid_secondary,1.3333333333333333,1.3333333333333335,3
2025-04-16,Cabrio,n_dp_mid_tertiary,0.0,0.0,3
2025-04-30,Cabrio,n_dp_mid_tertiary,0.0,0.0,3
2025-05-14,Cabrio,n_dp_mid_tertiary,0.0,0.0,3
2025-05-28,Cabrio,n_dp_mid_tertiary,0.0,0.0,3
2025-06-11,Cabrio,n_dp_mid_tertiary,0.0,0.0,3
2025-06-25,Cabrio,n_dp_mid_tertiary,0.0,0.0,3
2025-04-16,Cabrio,n_dp_total_alt,2.0,0.0,3
2025-04-30,Cabrio,n_dp_total_alt,6.333333333333333,1.2018504251546631,3
2025-05-14,Cabrio,n_dp_total_alt,22.666666666666668,2.96273147243853,3
2025-05-28,Cabrio,n_dp_total_alt,46.333333333333336,4.910306620885412,3
2025-06-11,Cabrio,n_dp_total_alt,82.33333333333333,9.024657580453923,3
2025-06-25,Cabrio,n_dp_total_alt,126.33333333333333,11.31861789756643,3
2025-04-16,Cabrio,n_dp_total_mid,0.0,0.0,3
2025-04-30,Cabrio,n_dp_total_mid,2.3333333333333335,0.6666666666666666,3
2025-05-14,Cabrio,n_dp_total_mid,1.0,1.0,3
2025-05-28,Cabrio,n_dp_total_mid,1.3333333333333333,1.3333333333333335,3
2025-06-11,Cabrio,n_dp_total_mid,2.3333333333333335,1.452966314513558,3
2025-06-25,Cabrio,n_dp_total_mid,3.3333333333333335,1.7638342073763937,3
2025-04-16,Cabrio,n_flowers_dp,0.0,0.0,3
2025-04-30,Cabrio,n_flowers_dp,0.0,0.0,3
2025-05-14,Cabrio,n_flowers_dp,0.0,0.0,3
2025-05-28,Cabrio,n_flowers_dp,0.0,0.0,3
2025-06-11,Cabrio,n_flowers_dp,0.0,0.0,3
2025-06-25,Cabrio,n_flowers_dp,0.0,0.0,3
2025-04-16,Cabrio,n_flowers_mp,1.6666666666666667,1.6666666666666667,3
2025-04-30,Cabrio,n_flowers_mp,5.333333333333333,2.728450923957484,3
2025-05-14,Cabrio,n_flowers_mp,1.3333333333333333,1.3333333333333335,3
2025-05-28,Cabrio,n_flowers_mp,2.0,2.0,3
2025-06-11,Cabrio,n_flowers_mp,2.3333333333333335,2.3333333333333335,3
2025-06-25,Cabrio,n_flowers_mp,0.0,0.0,3
2025-04-16,Cabrio,n_flowers_total,1.6666666666666667,1.6666666666666667,3
2025-04-30,Cabrio,n_flowers_total,5.333333333333333,2.728450923957484,3
2025-05-14,Cabrio,n_flowers_total,1.3333333333333333,1.3333333333333335,3
2025-05-28,Cabrio,n_flowers_total,2.0,2.0,3
2025-06-11,Cabrio,n_flowers_total,2.3333333333333335,2.3333333333333335,3
2025-06-25,Cabrio,n_flowers_total,0.0,0.0,3
2025-04-16,Cabrio,n_stolon_primary,3.0,0.0,3
2025-04-30,Cabrio,n_stolon_primary,6.0,0.5773502691896258,3
2025-05-14,Cabrio,n_stolon_primary,7.333333333333333,0.8819171036881969,3
2025-05-28,Cabrio,n_stolon_primary,10.0,1.0,3
2025-06-11,Cabrio,n_stolon_primary,12.666666666666666,1.855921454276674,3
2025-06-25,Cabrio,n_stolon_primary,14.0,2.6457513110645907,3
2025-04-16,Cabrio,n_stolon_quaternary,0.0,0.0,3
2025-04-30,Cabrio,n_stolon_quaternary,0.0,0.0,3
2025-05-14,Cabrio,n_stolon_quaternary,0.0,0.0,3
2025-05-28,Cabrio,n_stolon_quaternary,0.0,0.0,3
2025-06-11,Cabrio,n_stolon_quaternary,0.0,0.0,3
2025-06-25,Cabrio,n_stolon_quaternary,0.0,0.0,3
2025-04-16,Cabrio,n_stolon_secondary,0.0,0.0,3
2025-04-30,Cabrio,n_stolon_secondary,2.6666666666666665,0.6666666666666666,3
2025-05-14,Cabrio,n_stolon_secondary,7.333333333333333,0.33333333333333337,3
2025-05-28,Cabrio,n_stolon_secondary,11.666666666666666,2.185812841434,3
2025-06-11,Cabrio,n_stolon_secondary,16.0,2.0,3
2025-06-25,Cabrio,n_stolon_secondary,23.0,0.5773502691896258,3
2025-04-16,Cabrio,n_stolon_tertiary,0.0,0.0,3
2025-04-30,Cabrio,n_stolon_tertiary,0.0,0.0,3
2025-05-14,Cabrio,n_stolon_tertiary,0.3333333333333333,0.33333333333333337,3
2025-05-28,Cabrio,n_stolon_tertiary,1.6666666666666667,0.3333333333333333,3
2025-06-11,Cabrio,n_stolon_tertiary,6.0,0.0,3
2025-06-25,Cabrio,n_stolon_tertiary,5.666666666666667,1.4529663145135578,3
2025-04-16,Cabrio,stolon_length_primary_cm,45.48333333333333,5.4453599003596125,3
2025-04-30,Cabrio,stolon_length_primary_cm,80.52777776666666,4.377619149642987,3
2025-05-14,Cabrio,stolon_length_primary_cm,112.6557143,3.3583526631705145,3
2025-05-28,Cabrio,stolon_length_primary_cm,160.86666666666667,3.12907512072036,3
2025-06-11,Cabrio,stolon_length_primary_cm,185.87206346666667,2.41450532201475,3
2025-06-25,Cabrio,stolon_length_primary_cm,192.3746212,9.198096904392463,3
2025-04-16,Camarosa,crown_diameter_mm,,,0
2025-04-30,Camarosa,crown_diameter_mm,,,0
2025-05-14,Camarosa,crown_diameter_mm,,,0
2025-05-28,Camarosa,crown_diameter_mm,,,0
2025-06-11,Camarosa,crown_diameter_mm,,,0
2025-06-25,Camarosa,crown_diameter_mm,6.956101881666666,0.2718609287154332,3
2025-04-16,Camarosa,n_dp_alt_primary,2.6666666666666665,0.8819171036881969,3
2025-04-30,Camarosa,n_dp_alt_primary,7.666666666666667,1.7638342073763937,3
2025-05-14,Camarosa,n_dp_alt_primary,16.333333333333332,2.905932629027116,3
2025-05-28,Camarosa,n_dp_alt_primary,24.333333333333332,3.711842908553348,3
2025-06-11,Camarosa,n_dp_alt_primary,34.0,8.082903768654761,3
2025-06-25,Camarosa,n_dp_alt_primary,45.333333333333336,12.440971737681016,3
2025-04-16,Camarosa,n_dp_alt_quaternary,0.0,0.0,3
2025-04-30,Camarosa,n_dp_alt_quaternary,0.0,0.0,3
2025-05-14,Camarosa,n_dp_alt_quaternary,0.0,0.0,3
2025-05-28,Camarosa,n_dp_alt_quaternary,0.3333333333333333,0.33333333333333337,3
2025-06-11,Camarosa,n_dp_alt_quaternary,1.0,0.5773502691896258,3
2025-06-25,Camarosa,n_dp_alt_quaternary,1.3333333333333333,0.6666666666666667,3
2025-04-16,Camarosa,n_dp_alt_secondary,0.0,0.0,3
2025-04-30,Camarosa,n_dp_alt_secondary,5.666666666666667,0.6666666666666667,3
2025-05-14,Camarosa,n_dp_alt_secondary,21.333333333333332,1.763834207376394,3
2025-05-28,Camarosa,n_dp_alt_secondary,45.333333333333336,1.4529663145135578,3
2025-06-11,Camarosa,n_dp_alt_secondary,73.0,4.041451884327381,3
2025-06-25,Camarosa,n_dp_alt_secondary,101.0,7.571877794400365,3
2025-04-16,Camarosa,n_dp_alt_tertiary,0.0,0.0,3
2025-04-30,Camarosa,n_dp_alt_tertiary,0.0,0.0,3
2025-05-14,Camarosa,n_dp_alt_tertiary,5.0,1.1547005383792517,3
2025-05-28,Camarosa,n_dp_alt_tertiary,14.333333333333334,3.2829526005987018,3
2025-06-11,Camarosa,n_dp_alt_tertiary,29.0,4.163331998932265,3
2025-06-25,Camarosa,n_dp_alt_tertiary,46.0,5.000000000000001,3
2025-04-16,Camarosa,n_dp_mid_primary,0.6666666666666666,0.6666666666666667,3
2025-04-30,Camarosa,n_dp_mid_primary,1.0,1.0,3
2025-05-14,Camarosa,n_dp_mid_primary,2.0,1.5275252316519468,3
2025-05-28,Camarosa,n_dp_mid_primary,2.6666666666666665,1.763834207376394,3
2025-06-11,Camarosa,n_dp_mid_primary,4.0,2.0816659994661326,3
2025-06-25,Camarosa,n_dp_mid_primary,5.0,2.0,3
2025-04-16,Camarosa,n_dp_mid_quaternary,0.0,0.0,3
2025-04-30,Camarosa,n_dp_mid_quaternary,0.0,0.0,3
2025-05-14,Camarosa,n_dp_mid_quaternary,0.0,0.0,3
2025-05-28,Camarosa,n_dp_mid_quaternary,0.0,0.0,3
2025-06-11,Camarosa,n_dp_mid_quaternary,0.0,0.0,3
2025-06-25,Camarosa,n_dp_mid_quaternary,0.0,0.0,3
2025-04-16,Camarosa,n_dp_mid_secondary,0.0,0.0,3
2025-04-30,Camarosa,n_dp_mid_secondary,0.3333333333333333,0.33333333333333337,3
2025-05-14,Camarosa,n_dp_mid_secondary,1.6666666666666667,0.3333333333333333,3
2025-05-28,Camarosa,n_dp_mid_secondary,3.0,0.5773502691896258,3
2025-06-11,Camarosa,n_dp_mid_secondary,4.666666666666667,2.0275875100994067,3
2025-06-25,Camarosa,n_dp_mid_secondary,6.333333333333333,2.905932629027116,3
2025-04-16,Camarosa,n_dp_mid_tertiary,0.0,0.0,3
2025-04-30,Camarosa,n_dp_mid_tertiary,0.0,0.0,3
2025-05-14,Camarosa,n_dp_mid_tertiary,0.0,0.0,3
2025-05-28,Camarosa,n_dp_mid_tertiary,0.0,0.0,3
2025-06-11,Camarosa,n_dp_mid_tertiary,0.3333333333333333,0.33333333333333337,3
2025-06-25,Camarosa,n_dp_mid_tertiary,0.6666666666666666,0.6666666666666667,3
2025-04-16,Camarosa,n_dp_total_alt,2.6666666666666665,0.8819171036881969,3
2025-04-30,Camarosa,n_dp_total_alt,13.333333333333334,1.3333333333333335,3
2025-05-14,Camarosa,n_dp_total_alt,42.666666666666664,1.763834207376394,3
2025-05-28,Camarosa,n_dp_total_alt,84.33333333333333,1.2018504251546631,3
2025-06-11,Camarosa,n_dp_total_alt,137.0,7.0945988845975885,3
2025-06-25,Camarosa,n_dp_total_alt,193.66666666666666,15.602706317957935,3
2025-04-16,Camarosa,n_dp_total_mid,0.6666666666666666,0.6666666666666667,3
2025-04-30,Camarosa,n_dp_total_mid,1.3333333333333333,0.881917103688197,3
2025-05-14,Camarosa,n_dp_total_mid,3.6666666666666665,1.2018504251546633,3
2025-05-28,Camarosa,n_dp_total_mid,5.666666666666667,1.4529663145135578,3
2025-06-11,Camarosa,n_dp_total_mid,9.0,2.6457513110645907,3
2025-06-25,Camarosa,n_dp_total_mid,12.0,4.0,3
2025-04-16,Camarosa,n_flowers_dp,0.0,0.0,3
2025-04-30,Camarosa,n_flowers_dp,0.0,0.0,3
2025-05-14,Camarosa,n_flowers_dp,0.0,0.0,3
2025-05-28,Camarosa,n_flowers_dp,0.0,0.0,3
2025-06-11,Camarosa,n_flowers_dp,0.0,0.0,3
2025-06-25,Camarosa,n_flowers_dp,0.0,0.0,3
2025-04-16,Camarosa,n_flowers_mp,0.0,0.0,3
2025-04-30,Camarosa,n_flowers_mp,0.0,0.0,3
2025-05-14,Camarosa,n_flowers_mp,0.0,0.0,3
2025-05-28,Camarosa,n_flowers_mp,0.0,0.0,3
2025-06-11,Camarosa,n_flowers_mp,0.0,0.0,3
2025-06-25,Camarosa,n_flowers_mp,0.0,0.0,3
2025-04-16,Camarosa,n_flowers_total,0.0,0.0,3
2025-04-30,Camarosa,n_flowers_total,0.0,0.0,3
2025-05-14,Camarosa,n_flowers_total,0.0,0.0,3
2025-05-28,Camarosa,n_flowers_total,0.0,0.0,3
2025-06-11,Camarosa,n_flowers_total,0.0,0.0,3
2025-06-25,Camarosa,n_flowers_total,0.0,0.0,3
2025-04-16,Camarosa,n_stolon_primary,3.3333333333333335,0.33333333333333337,3
2025-04-30,Camarosa,n_stolon_primary,6.0,0.5773502691896258,3
2025-05-14,Camarosa,n_stolon_primary,6.666666666666667,0.8819171036881969,3
2025-05-28,Camarosa,n_stolon_primary,9.666666666666666,2.6034165586355518,3
2025-06-11,Camarosa,n_stolon_primary,11.0,3.2145502536643185,3
2025-06-25,Camarosa,n_stolon_primary,12.0,4.041451884327381,3
2025-04-16,Camarosa,n_stolon_quaternary,0.0,0.0,3
2025-04-30,Camarosa,n_stolon_quaternary,0.0,0.0,3
2025-05-14,Camarosa,n_stolon_quaternary,0.0,0.0,3
2025-05-28,Camarosa,n_stolon_quaternary,0.3333333333333333,0.33333333333333337,3
2025-06-11,Camarosa,n_stolon_quaternary,1.0,0.5773502691896258,3
2025-06-25,Camarosa,n_stolon_quaternary,1.0,0.5773502691896258,3
2025-04-16,Camarosa,n_stolon_secondary,0.0,0.0,3
2025-04-30,Camarosa,n_stolon_secondary,5.0,0.5773502691896258,3
2025-05-14,Camarosa,n_stolon_secondary,14.0,0.5773502691896258,3
2025-05-28,Camarosa,n_stolon_secondary,21.333333333333332,0.33333333333333337,3
2025-06-11,Camarosa,n_stolon_secondary,26.666666666666668,2.0275875100994067,3
2025-06-25,Camarosa,n_stolon_secondary,26.666666666666668,3.666666666666667,3
2025-04-16,Camarosa,n_stolon_tertiary,0.0,0.0,3
2025-04-30,Camarosa,n_stolon_tertiary,0.0,0.0,3
2025-05-14,Camarosa,n_stolon_tertiary,3.6666666666666665,0.8819171036881969,3
2025-05-28,Camarosa,n_stolon_tertiary,9.333333333333334,2.185812841434,3
2025-06-11,Camarosa,n_stolon_tertiary,15.333333333333334,1.7638342073763937,3
2025-06-25,Camarosa,n_stolon_tertiary,18.0,1.7320508075688774,3
2025-04-16,Camarosa,stolon_length_primary_cm,71.67777777666667,4.929806671687022,3
2025-04-30,Camarosa,stolon_length_primary_cm,129.11111123333333,10.132827750100654,3
2025-05-14,Camarosa,stolon_length_primary_cm,175.08833333333334,3.2018176261478644,3
2025-05-28,Camarosa,stolon_length_primary_cm,206.82000000000002,6.52301566250866,3
2025-06-11,Camarosa,stolon_length_primary_cm,221.49333333333334,9.61941497412626,3
2025-06-25,Camarosa,stolon_length_primary_cm,224.7167677,14.091403571687499,3
2025-04-16,Chandler,crown_diameter_mm,,,0
2025-04-30,Chandler,crown_diameter_mm,,,0
2025-05-14,Chandler,crown_diameter_mm,,,0
2025-05-28,Chandler,crown_diameter_mm,,,0
2025-06-11,Chandler,crown_diameter_mm,,,0
2025-06-25,Chandler,crown_diameter_mm,8.004057625,0.5714384748080744,3
2025-04-16,Chandler,n_dp_alt_primary,4.666666666666667,0.33333333333333337,3
2025-04-30,Chandler,n_dp_alt_primary,10.0,0.5773502691896258,3
2025-05-14,Chandler,n_dp_alt_primary,18.666666666666668,0.6666666666666666,3
2025-05-28,Chandler,n_dp_alt_primary,24.666666666666668,0.881917103688197,3
2025-06-11,Chandler,n_dp_alt_primary,31.666666666666668,0.6666666666666666,3
2025-06-25,Chandler,n_dp_alt_primary,37.0,0.5773502691896258,3
2025-04-16,Chandler,n_dp_alt_quaternary,0.0,0.0,3
2025-04-30,Chandler,n_dp_alt_quaternary,0.0,0.0,3
2025-05-14,Chandler,n_dp_alt_quaternary,0.0,0.0,3
2025-05-28,Chandler,n_dp_alt_quaternary,0.0,0.0,3
2025-06-11,Chandler,n_dp_alt_quaternary,0.0,0.0,3
2025-06-25,Chandler,n_dp_alt_quaternary,0.0,0.0,3
2025-04-16,Chandler,n_dp_alt_secondary,1.0,0.5773502691896258,3
2025-04-30,Chandler,n_dp_alt_secondary,7.333333333333333,0.33333333333333337,3
2025-05-14,Chandler,n_dp_alt_secondary,24.666666666666668,1.2018504251546633,3
2025-05-28,Chandler,n_dp_alt_secondary,49.0,1.5275252316519468,3
2025-06-11,Chandler,n_dp_alt_secondary,86.66666666666667,3.844187531556932,3
2025-06-25,Chandler,n_dp_alt_secondary,119.66666666666667,2.96273147243853,3
2025-04-16,Chandler,n_dp_alt_tertiary,0.0,0.0,3
2025-04-30,Chandler,n_dp_alt_tertiary,0.0,0.0,3
2025-05-14,Chandler,n_dp_alt_tertiary,0.3333333333333333,0.33333333333333337,3
2025-05-28,Chandler,n_dp_alt_tertiary,1.6666666666666667,0.6666666666666667,3
2025-06-11,Chandler,n_dp_alt_tertiary,9.666666666666666,3.3333333333333335,3
2025-06-25,Chandler,n_dp_alt_tertiary,20.333333333333332,2.728450923957484,3
2025-04-16,Chandler,n_dp_mid_primary,0.0,0.0,3
2025-04-30,Chandler,n_dp_mid_primary,0.0,0.0,3
2025-05-14,Chandler,n_dp_mid_primary,0.6666666666666666,0.33333333333333337,3
2025-05-28,Chandler,n_dp_mid_primary,2.6666666666666665,0.33333333333333337,3
2025-06-11,Chandler,n_dp_mid_primary,7.666666666666667,0.33333333333333337,3
2025-06-25,Chandler,n_dp_mid_primary,11.0,0.5773502691896258,3
2025-04-16,Chandler,n_dp_mid_quaternary,0.0,0.0,3
2025-04-30,Chandler,n_dp_mid_quaternary,0.0,0.0,3
2025-05-14,Chandler,n_dp_mid_quaternary,0.0,0.0,3
2025-05-28,Chandler,n_dp_mid_quaternary,0.0,0.0,3
2025-06-11,Chandler,n_dp_mid_quaternary,0.0,0.0,3
2025-06-25,Chandler,n_dp_mid_quaternary,0.0,0.0,3
2025-04-16,Chandler,n_dp_mid_secondary,0.0,0.0,3
2025-04-30,Chandler,n_dp_mid_secondary,0.0,0.0,3
2025-05-14,Chandler,n_dp_mid_secondary,0.0,0.0,3
2025-05-28,Chandler,n_dp_mid_secondary,0.6666666666666666,0.33333333333333337,3
2025-06-11,Chandler,n_dp_mid_secondary,3.3333333333333335,1.2018504251546633,3
2025-06-25,Chandler,n_dp_mid_secondary,5.666666666666667,2.6034165586355518,3
2025-04-16,Chandler,n_dp_mid_tertiary,0.0,0.0,3
2025-04-30,Chandler,n_dp_mid_tertiary,0.0,0.0,3
2025-05-14,Chandler,n_dp_mid_tertiary,0.0,0.0,3
2025-05-28,Chandler,n_dp_mid_tertiary,0.0,0.0,3
2025-06-11,Chandler,n_dp_mid_tertiary,0.0,0.0,3
2025-06-25,Chandler,n_dp_mid_tertiary,0.0,0.0,3
2025-04-16,Chandler,n_dp_total_alt,5.666666666666667,0.6666666666666667,3
2025-04-30,Chandler,n_dp_total_alt,17.333333333333332,0.8819171036881969,3
2025-05-14,Chandler,n_dp_total_alt,43.666666666666664,0.8819171036881969,3
2025-05-28,Chandler,n_dp_total_alt,75.33333333333333,2.185812841434,3
2025-06-11,Chandler,n_dp_total_alt,128.0,7.505553499465135,3
2025-06-25,Chandler,n_dp_total_alt,177.0,5.000000000000001,3
2025-04-16,Chandler,n_dp_total_mid,0.0,0.0,3
2025-04-30,Chandler,n_dp_total_mid,0.0,0.0,3
2025-05-14,Chandler,n_dp_total_mid,0.6666666666666666,0.33333333333333337,3
2025-05-28,Chandler,n_dp_total_mid,3.3333333333333335,0.33333333333333337,3
2025-06-11,Chandler,n_dp_total_mid,11.0,1.1547005383792517,3
2025-06-25,Chandler,n_dp_total_mid,16.666666666666668,2.905932629027116,3
2025-04-16,Chandler,n_flowers_dp,0.0,0.0,3
2025-04-30,Chandler,n_flowers_dp,0.0,0.0,3
2025-05-14,Chandler,n_flowers_dp,0.0,0.0,3
2025-05-28,Chandler,n_flowers_dp,0.0,0.0,3
2025-06-11,Chandler,n_flowers_dp,0.0,0.0,3
2025-06-25,Chandler,n_flowers_dp,0.0,0.0,3
2025-04-16,Chandler,n_flowers_mp,0.0,0.0,3
2025-04-30,Chandler,n_flowers_mp,0.0,0.0,3
2025-05-14,Chandler,n_flowers_mp,0.0,0.0,3
2025-05-28,Chandler,n_flowers_mp,0.0,0.0,3
2025-06-11,Chandler,n_flowers_mp,0.0,0.0,3
2025-06-25,Chandler,n_flowers_mp,0.0,0.0,3
2025-04-16,Chandler,n_flowers_total,0.0,0.0,3
2025-04-30,Chandler,n_flowers_total,0.0,0.0,3
2025-05-14,Chandler,n_flowers_total,0.0,0.0,3
2025-05-28,Chandler,n_flowers_total,0.0,0.0,3
2025-06-11,Chandler,n_flowers_total,0.0,0.0,3
2025-06-25,Chandler,n_flowers_total,0.0,0.0,3
2025-04-16,Chandler,n_stolon_primary,3.6666666666666665,0.33333333333333337,3
2025-04-30,Chandler,n_stolon_primary,6.666666666666667,0.33333333333333337,3
2025-05-14,Chandler,n_stolon_primary,8.666666666666666,0.3333333333333333,3
2025-05-28,Chandler,n_stolon_primary,10.666666666666666,0.3333333333333333,3
2025-06-11,Chandler,n_stolon_primary,11.666666666666666,0.3333333333333333,3
2025-06-25,Chandler,n_stolon_primary,13.333333333333334,0.6666666666666667,3
2025-04-16,Chandler,n_stolon_quaternary,0.0,0.0,3
2025-04-30,Chandler,n_stolon_quaternary,0.0,0.0,3
2025-05-14,Chandler,n_stolon_quaternary,0.0,0.0,3
2025-05-28,Chandler,n_stolon_quaternary,0.0,0.0,3
2025-06-11,Chandler,n_stolon_quaternary,0.0,0.0,3
2025-06-25,Chandler,n_stolon_quaternary,0.0,0.0,3
2025-04-16,Chandler,n_stolon_secondary,1.0,0.5773502691896258,3
2025-04-30,Chandler,n_stolon_secondary,6.0,0.5773502691896258,3
2025-05-14,Chandler,n_stolon_secondary,15.666666666666666,1.452966314513558,3
2025-05-28,Chandler,n_stolon_secondary,26.333333333333332,0.8819171036881969,3
2025-06-11,Chandler,n_stolon_secondary,35.333333333333336,2.0275875100994067,3
2025-06-25,Chandler,n_stolon_secondary,39.666666666666664,2.185812841434,3
2025-04-16,Chandler,n_stolon_tertiary,0.0,0.0,3
2025-04-30,Chandler,n_stolon_tertiary,0.0,0.0,3
2025-05-14,Chandler,n_stolon_tertiary,0.3333333333333333,0.33333333333333337,3
2025-05-28,Chandler,n_stolon_tertiary,1.3333333333333333,0.3333333333333333,3
2025-06-11,Chandler,n_stolon_tertiary,9.0,1.7320508075688774,3
2025-06-25,Chandler,n_stolon_tertiary,11.666666666666666,0.881917103688197,3
2025-04-16,Chandler,stolon_length_primary_cm,78.84999999899999,4.774944251204714,3
2025-04-30,Chandler,stolon_length_primary_cm,114.61833333333334,5.537520754914705,3
2025-05-14,Chandler,stolon_length_primary_cm,150.84345236666667,5.882888425432317,3
2025-05-28,Chandler,stolon_length_primary_cm,175.59027792666666,5.438506807419171,3
2025-06-11,Chandler,stolon_length_primary_cm,194.34242423333333,3.04988069828695,3
2025-06-25,Chandler,stolon_length_primary_cm,221.1060606,2.8588769152978224,3
2025-04-16,Finn,crown_diameter_mm,,,0
2025-04-30,Finn,crown_diameter_mm,,,0
2025-05-14,Finn,crown_diameter_mm,,,0
2025-05-28,Finn,crown_diameter_mm,,,0
2025-06-11,Finn,crown_diameter_mm,,,0
2025-06-25,Finn,crown_diameter_mm,11.437554569999998,0.114110849038703,3
2025-04-16,Finn,n_dp_alt_primary,3.0,0.5773502691896258,3
2025-04-30,Finn,n_dp_alt_primary,6.0,0.5773502691896258,3
2025-05-14,Finn,n_dp_alt_primary,11.0,0.5773502691896258,3
2025-05-28,Finn,n_dp_alt_primary,17.333333333333332,1.2018504251546633,3
2025-06-11,Finn,n_dp_alt_primary,26.666666666666668,1.8559214542766742,3
2025-06-25,Finn,n_dp_alt_primary,34.666666666666664,3.333333333333334,3
2025-04-16,Finn,n_dp_alt_quaternary,0.0,0.0,3
2025-04-30,Finn,n_dp_alt_quaternary,0.0,0.0,3
2025-05-14,Finn,n_dp_alt_quaternary,0.0,0.0,3
2025-05-28,Finn,n_dp_alt_quaternary,0.0,0.0,3
2025-06-11,Finn,n_dp_alt_quaternary,0.0,0.0,3
2025-06-25,Finn,n_dp_alt_quaternary,0.0,0.0,3
2025-04-16,Finn,n_dp_alt_secondary,0.0,0.0,3
2025-04-30,Finn,n_dp_alt_secondary,1.3333333333333333,0.881917103688197,3
2025-05-14,Finn,n_dp_alt_secondary,5.666666666666667,2.0275875100994067,3
2025-05-28,Finn,n_dp_alt_secondary,13.0,4.358898943540674,3
2025-06-11,Finn,n_dp_alt_secondary,23.666666666666668,4.910306620885413,3
2025-06-25,Finn,n_dp_alt_secondary,33.666666666666664,6.173419725817379,3
2025-04-16,Finn,n_dp_alt_tertiary,0.0,0.0,3
2025-04-30,Finn,n_dp_alt_tertiary,0.3333333333333333,0.33333333333333337,3
2025-05-14,Finn,n_dp_alt_tertiary,0.6666666666666666,0.6666666666666667,3
2025-05-28,Finn,n_dp_alt_tertiary,1.3333333333333333,0.881917103688197,3
2025-06-11,Finn,n_dp_alt_tertiary,2.6666666666666665,1.452966314513558,3
2025-06-25,Finn,n_dp_alt_tertiary,4.666666666666667,1.855921454276674,3
2025-04-16,Finn,n_dp_mid_primary,0.0,0.0,3
2025-04-30,Finn,n_dp_mid_primary,0.0,0.0,3
2025-05-14,Finn,n_dp_mid_primary,0.0,0.0,3
2025-05-28,Finn,n_dp_mid_primary,0.0,0.0,3
2025-06-11,Finn,n_dp_mid_primary,0.0,0.0,3
2025-06-25,Finn,n_dp_mid_primary,0.3333333333333333,0.33333333333333337,3
2025-04-16,Finn,n_dp_mid_quaternary,0.0,0.0,3
2025-04-30,Finn,n_dp_mid_quaternary,0.0,0.0,3
2025-05-14,Finn,n_dp_mid_quaternary,0.0,0.0,3
2025-05-28,Finn,n_dp_mid_quaternary,0.0,0.0,3
2025-06-11,Finn,n_dp_mid_quaternary,0.0,0.0,3
2025-06-25,Finn,n_dp_mid_quaternary,0.0,0.0,3
2025-04-16,Finn,n_dp_mid_secondary,0.0,0.0,3
2025-04-30,Finn,n_dp_mid_secondary,0.0,0.0,3
2025-05-14,Finn,n_dp_mid_secondary,0.0,0.0,3
2025-05-28,Finn,n_dp_mid_secondary,0.6666666666666666,0.6666666666666667,3
2025-06-11,Finn,n_dp_mid_secondary,1.0,1.0,3
2025-06-25,Finn,n_dp_mid_secondary,1.3333333333333333,1.3333333333333335,3
2025-04-16,Finn,n_dp_mid_tertiary,0.0,0.0,3
2025-04-30,Finn,n_dp_mid_tertiary,0.0,0.0,3
2025-05-14,Finn,n_dp_mid_tertiary,0.0,0.0,3
2025-05-28,Finn,n_dp_mid_tertiary,0.0,0.0,3
2025-06-11,Finn,n_dp_mid_tertiary,0.0,0.0,3
2025-06-25,Finn,n_dp_mid_tertiary,0.0,0.0,3
2025-04-16,Finn,n_dp_total_alt,3.0,0.5773502691896258,3
2025-04-30,Finn,n_dp_total_alt,7.666666666666667,1.2018504251546631,3
2025-05-14,Finn,n_dp_total_alt,17.333333333333332,1.2018504251546633,3
2025-05-28,Finn,n_dp_total_alt,31.666666666666668,2.905932629027116,3
2025-06-11,Finn,n_dp_total_alt,53.0,2.886751345948129,3
2025-06-25,Finn,n_dp_total_alt,73.0,3.0550504633038935,3
2025-04-16,Finn,n_dp_total_mid,0.0,0.0,3
2025-04-30,Finn,n_dp_total_mid,0.0,0.0,3
2025-05-14,Finn,n_dp_total_mid,0.0,0.0,3
2025-05-28,Finn,n_dp_total_mid,0.6666666666666666,0.6666666666666667,3
2025-06-11,Finn,n_dp_total_mid,1.0,1.0,3
2025-06-25,Finn,n_dp_total_mid,1.6666666666666667,1.6666666666666667,3
2025-04-16,Finn,n_flowers_dp,0.0,0.0,3
2025-04-30,Finn,n_flowers_dp,0.0,0.0,3
2025-05-14,Finn,n_flowers_dp,0.0,0.0,3
2025-05-28,Finn,n_flowers_dp,0.0,0.0,3
2025-06-11,Finn,n_flowers_dp,1.0,1.0,3
2025-06-25,Finn,n_flowers_dp,16.666666666666668,10.837178804672574,3
2025-04-16,Finn,n_flowers_mp,5.333333333333333,0.33333333333333337,3
2025-04-30,Finn,n_flowers_mp,2.0,1.0,3
2025-05-14,Finn,n_flowers_mp,6.333333333333333,3.4801021696368504,3
2025-05-28,Finn,n_flowers_mp,1.0,1.0,3
2025-06-11,Finn,n_flowers_mp,3.6666666666666665,2.0275875100994067,3
2025-06-25,Finn,n_flowers_mp,9.333333333333334,4.371625682868,3
2025-04-16,Finn,n_flowers_total,5.333333333333333,0.33333333333333337,3
2025-04-30,Finn,n_flowers_total,2.0,1.0,3
2025-05-14,Finn,n_flowers_total,6.333333333333333,3.4801021696368504,3
2025-05-28,Finn,n_flowers_total,1.0,1.0,3
2025-06-11,Finn,n_flowers_total,4.666666666666667,2.3333333333333335,3
2025-06-25,Finn,n_flowers_total,26.0,10.408329997330664,3
2025-04-16,Finn,n_stolon_primary,2.6666666666666665,0.33333333333333337,3
2025-04-30,Finn,n_stolon_primary,4.666666666666667,0.6666666666666667,3
2025-05-14,Finn,n_stolon_primary,6.666666666666667,0.33333333333333337,3
2025-05-28,Finn,n_stolon_primary,8.0,0.5773502691896258,3
2025-06-11,Finn,n_stolon_primary,9.0,1.1547005383792517,3
2025-06-25,Finn,n_stolon_primary,9.666666666666666,2.0275875100994067,3
2025-04-16,Finn,n_stolon_quaternary,0.0,0.0,3
2025-04-30,Finn,n_stolon_quaternary,0.0,0.0,3
2025-05-14,Finn,n_stolon_quaternary,0.0,0.0,3
2025-05-28,Finn,n_stolon_quaternary,0.0,0.0,3
2025-06-11,Finn,n_stolon_quaternary,0.0,0.0,3
2025-06-25,Finn,n_stolon_quaternary,0.3333333333333333,0.33333333333333337,3
2025-04-16,Finn,n_stolon_secondary,0.0,0.0,3
2025-04-30,Finn,n_stolon_secondary,1.6666666666666667,0.6666666666666667,3
2025-05-14,Finn,n_stolon_secondary,3.6666666666666665,1.452966314513558,3
2025-05-28,Finn,n_stolon_secondary,8.0,2.0816659994661326,3
2025-06-11,Finn,n_stolon_secondary,12.0,1.5275252316519468,3
2025-06-25,Finn,n_stolon_secondary,13.333333333333334,1.855921454276674,3
2025-04-16,Finn,n_stolon_tertiary,0.0,0.0,3
2025-04-30,Finn,n_stolon_tertiary,0.0,0.0,3
2025-05-14,Finn,n_stolon_tertiary,0.3333333333333333,0.33333333333333337,3
2025-05-28,Finn,n_stolon_tertiary,1.0,0.5773502691896258,3
2025-06-11,Finn,n_stolon_tertiary,1.3333333333333333,0.6666666666666667,3
2025-06-25,Finn,n_stolon_tertiary,2.6666666666666665,0.881917103688197,3
2025-04-16,Finn,stolon_length_primary_cm,51.011111,6.869264093602337,3
2025-04-30,Finn,stolon_length_primary_cm,88.23333333333333,10.042041338330609,3
2025-05-14,Finn,stolon_length_primary_cm,117.74222233333332,8.43479589075903,3
2025-05-28,Finn,stolon_length_primary_cm,160.71833333333333,3.913683615782506,3
2025-06-11,Finn,stolon_length_primary_cm,186.38134920000002,1.0722559211845115,3
2025-06-25,Finn,stolon_length_primary_cm,191.0937037,4.524872575643811,3
2025-04-23,Moxie,crown_diameter_mm,,,0
2025-05-07,Moxie,crown_diameter_mm,,,0
2025-05-21,Moxie,crown_diameter_mm,,,0
2025-06-04,Moxie,crown_diameter_mm,,,0
2025-06-18,Moxie,crown_diameter_mm,,,0
2025-07-02,Moxie,crown_diameter_mm,9.240682692333332,0.22703090135547702,3
2025-04-23,Moxie,n_dp_alt_primary,4.0,0.5773502691896258,3
2025-05-07,Moxie,n_dp_alt_primary,10.0,2.3094010767585034,3
2025-05-21,Moxie,n_dp_alt_primary,15.333333333333334,4.666666666666667,3
2025-06-04,Moxie,n_dp_alt_primary,25.666666666666668,7.446102634562892,3
2025-06-18,Moxie,n_dp_alt_primary,36.333333333333336,10.989894347889692,3
2025-07-02,Moxie,n_dp_alt_primary,44.0,13.279056191361393,3
2025-04-23,Moxie,n_dp_alt_quaternary,0.0,0.0,3
2025-05-07,Moxie,n_dp_alt_quaternary,0.0,0.0,3
2025-05-21,Moxie,n_dp_alt_quaternary,0.0,0.0,3
2025-06-04,Moxie,n_dp_alt_quaternary,0.0,0.0,3
2025-06-18,Moxie,n_dp_alt_quaternary,0.0,0.0,3
2025-07-02,Moxie,n_dp_alt_quaternary,0.0,0.0,3
2025-04-23,Moxie,n_dp_alt_secondary,0.0,0.0,3
2025-05-07,Moxie,n_dp_alt_secondary,3.6666666666666665,0.33333333333333337,3
2025-05-21,Moxie,n_dp_alt_secondary,8.333333333333334,1.452966314513558,3
2025-06-04,Moxie,n_dp_alt_secondary,15.666666666666666,2.6034165586355518,3
2025-06-18,Moxie,n_dp_alt_secondary,22.0,4.0,3
2025-07-02,Moxie,n_dp_alt_secondary,25.333333333333332,4.702245326555294,3
2025-04-23,Moxie,n_dp_alt_tertiary,0.0,0.0,3
2025-05-07,Moxie,n_dp_alt_tertiary,0.0,0.0,3
2025-05-21,Moxie,n_dp_alt_tertiary,0.6666666666666666,0.33333333333333337,3
2025-06-04,Moxie,n_dp_alt_tertiary,2.0,1.1547005383792517,3
2025-06-18,Moxie,n_dp_alt_tertiary,3.3333333333333335,2.0275875100994067,3
2025-07-02,Moxie,n_dp_alt_tertiary,4.333333333333333,2.6034165586355518,3
2025-04-23,Moxie,n_dp_mid_primary,0.0,0.0,3
2025-05-07,Moxie,n_dp_mid_primary,0.0,0.0,3
2025-05-21,Moxie,n_dp_mid_primary,0.0,0.0,3
2025-06-04,Moxie,n_dp_mid_primary,0.0,0.0,3
2025-06-18,Moxie,n_dp_mid_primary,1.3333333333333333,0.6666666666666667,3
2025-07-02,Moxie,n_dp_mid_primary,2.0,1.0,3
2025-04-23,Moxie,n_dp_mid_quaternary,0.0,0.0,3
2025-05-07,Moxie,n_dp_mid_quaternary,0.0,0.0,3
2025-05-21,Moxie,n_dp_mid_quaternary,0.0,0.0,3
2025-06-04,Moxie,n_dp_mid_quaternary,0.0,0.0,3
2025-06-18,Moxie,n_dp_mid_quaternary,0.0,0.0,3
2025-07-02,Moxie,n_dp_mid_quaternary,0.0,0.0,3
2025-04-23,Moxie,n_dp_mid_secondary,0.0,0.0,3
2025-05-07,Moxie,n_dp_mid_secondary,0.0,0.0,3
2025-05-21,Moxie,n_dp_mid_secondary,0.0,0.0,3
2025-06-04,Moxie,n_dp_mid_secondary,0.0,0.0,3
2025-06-18,Moxie,n_dp_mid_secondary,0.0,0.0,3
2025-07-02,Moxie,n_dp_mid_secondary,0.3333333333333333,0.33333333333333337,3
2025-04-23,Moxie,n_dp_mid_tertiary,0.0,0.0,3
2025-05-07,Moxie,n_dp_mid_tertiary,0.0,0.0,3
2025-05-21,Moxie,n_dp_mid_tertiary,0.0,0.0,3
2025-06-04,Moxie,n_dp_mid_tertiary,0.0,0.0,3
2025-06-18,Moxie,n_dp_mid_tertiary,0.0,0.0,3
2025-07-02,Moxie,n_dp_mid_tertiary,0.0,0.0,3
2025-04-23,Moxie,n_dp_total_alt,4.0,0.5773502691896258,3
2025-05-07,Moxie,n_dp_total_alt,13.666666666666666,2.6034165586355518,3
2025-05-21,Moxie,n_dp_total_alt,24.333333333333332,5.456901847914966,3
2025-06-04,Moxie,n_dp_total_alt,43.333333333333336,8.333333333333334,3
2025-06-18,Moxie,n_dp_total_alt,61.666666666666664,10.170764201594904,3
2025-07-02,Moxie,n_dp_total_alt,73.66666666666667,11.200198410940963,3
2025-04-23,Moxie,n_dp_total_mid,0.0,0.0,3
2025-05-07,Moxie,n_dp_total_mid,0.0,0.0,3
2025-05-21,Moxie,n_dp_total_mid,0.0,0.0,3
2025-06-04,Moxie,n_dp_total_mid,0.0,0.0,3
2025-06-18,Moxie,n_dp_total_mid,1.3333333333333333,0.6666666666666667,3
2025-07-02,Moxie,n_dp_total_mid,2.3333333333333335,1.2018504251546633,3
2025-04-23,Moxie,n_flowers_dp,0.0,0.0,3
2025-05-07,Moxie,n_flowers_dp,5.0,2.6457513110645907,3
2025-05-21,Moxie,n_flowers_dp,0.0,0.0,3
2025-06-04,Moxie,n_flowers_dp,0.0,0.0,3
2025-06-18,Moxie,n_flowers_dp,0.0,0.0,3
2025-07-02,Moxie,n_flowers_dp,3.0,3.0000000000000004,3
2025-04-23,Moxie,n_flowers_mp,4.333333333333333,1.2018504251546631,3
2025-05-07,Moxie,n_flowers_mp,9.0,5.196152422706632,3
2025-05-21,Moxie,n_flowers_mp,11.0,9.073771725877467,3
2025-06-04,Moxie,n_flowers_mp,2.6666666666666665,2.666666666666667,3
2025-06-18,Moxie,n_flowers_mp,4.666666666666667,4.666666666666667,3
2025-07-02,Moxie,n_flowers_mp,12.0,7.023769168568492,3
2025-04-23,Moxie,n_flowers_total,4.333333333333333,1.2018504251546631,3
2025-05-07,Moxie,n_flowers_total,14.0,7.810249675906655,3
2025-05-21,Moxie,n_flowers_total,11.0,9.073771725877467,3
2025-06-04,Moxie,n_flowers_total,2.6666666666666665,2.666666666666667,3
2025-06-18,Moxie,n_flowers_total,4.666666666666667,4.666666666666667,3
2025-07-02,Moxie,n_flowers_total,15.0,5.8594652770823155,3
2025-04-23,Moxie,n_stolon_primary,5.333333333333333,1.2018504251546631,3
2025-05-07,Moxie,n_stolon_primary,6.666666666666667,2.3333333333333335,3
2025-05-21,Moxie,n_stolon_primary,9.333333333333334,2.6034165586355518,3
2025-06-04,Moxie,n_stolon_primary,11.0,3.0550504633038935,3
2025-06-18,Moxie,n_stolon_primary,12.666666666666666,3.9299420408505323,3
2025-07-02,Moxie,n_stolon_primary,13.0,4.163331998932265,3
2025-04-23,Moxie,n_stolon_quaternary,0.0,0.0,3
2025-05-07,Moxie,n_stolon_quaternary,0.0,0.0,3
2025-05-21,Moxie,n_stolon_quaternary,0.0,0.0,3
2025-06-04,Moxie,n_stolon_quaternary,0.0,0.0,3
2025-06-18,Moxie,n_stolon_quaternary,0.0,0.0,3
2025-07-02,Moxie,n_stolon_quaternary,0.0,0.0,3
2025-04-23,Moxie,n_stolon_secondary,0.0,0.0,3
2025-05-07,Moxie,n_stolon_secondary,3.3333333333333335,0.33333333333333337,3
2025-05-21,Moxie,n_stolon_secondary,5.333333333333333,0.8819171036881969,3
2025-06-04,Moxie,n_stolon_secondary,7.666666666666667,0.8819171036881969,3
2025-06-18,Moxie,n_stolon_secondary,9.0,1.1547005383792517,3
2025-07-02,Moxie,n_stolon_secondary,9.333333333333334,1.4529663145135578,3
2025-04-23,Moxie,n_stolon_tertiary,0.0,0.0,3
2025-05-07,Moxie,n_stolon_tertiary,0.0,0.0,3
2025-05-21,Moxie,n_stolon_tertiary,0.6666666666666666,0.33333333333333337,3
2025-06-04,Moxie,n_stolon_tertiary,1.3333333333333333,0.881917103688197,3
2025-06-18,Moxie,n_stolon_tertiary,1.6666666666666667,1.2018504251546631,3
2025-07-02,Moxie,n_stolon_tertiary,1.6666666666666667,1.2018504251546631,3
2025-04-23,Moxie,stolon_length_primary_cm,60.51666666666667,2.3752777615353633,3
2025-05-07,Moxie,stolon_length_primary_cm,81.77222223333332,8.109575588113165,3
2025-05-21,Moxie,stolon_length_primary_cm,122.46313133333332,10.670811009191606,3
2025-06-04,Moxie,stolon_length_primary_cm,124.25862434666668,3.872742598707851,3
2025-06-18,Moxie,stolon_length_primary_cm,134.9994643,15.76756191797259,3
2025-07-02,Moxie,stolon_length_primary_cm,153.79608973333333,14.508651358431585,3
2025-04-23,Portola,crown_diameter_mm,,,0
2025-05-07,Portola,crown_diameter_mm,,,0
2025-05-21,Portola,crown_diameter_mm,,,0
2025-06-04,Portola,crown_diameter_mm,,,0
2025-06-18,Portola,crown_diameter_mm,,,0
2025-07-02,Portola,crown_diameter_mm,8.108429222666667,0.9053669033026135,3
2025-04-23,Portola,n_dp_alt_primary,6.0,0.5773502691896258,3
2025-05-07,Portola,n_dp_alt_primary,10.333333333333334,1.3333333333333335,3
2025-05-21,Portola,n_dp_alt_primary,16.333333333333332,2.4037008503093262,3
2025-06-04,Portola,n_dp_alt_primary,23.333333333333332,4.630814663149936,3
2025-06-18,Portola,n_dp_alt_primary,32.0,6.658328118479393,3
2025-07-02,Portola,n_dp_alt_primary,36.333333333333336,12.346839451634755,3
2025-04-23,Portola,n_dp_alt_quaternary,0.0,0.0,3
2025-05-07,Portola,n_dp_alt_quaternary,0.0,0.0,3
2025-05-21,Portola,n_dp_alt_quaternary,0.0,0.0,3
2025-06-04,Portola,n_dp_alt_quaternary,0.0,0.0,3
2025-06-18,Portola,n_dp_alt_quaternary,0.0,0.0,3
2025-07-02,Portola,n_dp_alt_quaternary,0.3333333333333333,0.33333333333333337,3
2025-04-23,Portola,n_dp_alt_secondary,2.0,0.5773502691896258,3
2025-05-07,Portola,n_dp_alt_secondary,10.0,2.0816659994661326,3
2025-05-21,Portola,n_dp_alt_secondary,28.333333333333332,6.064468466220084,3
2025-06-04,Portola,n_dp_alt_secondary,47.666666666666664,9.837569708915806,3
2025-06-18,Portola,n_dp_alt_secondary,66.33333333333333,11.780398031381528,3
2025-07-02,Portola,n_dp_alt_secondary,88.0,15.874507866387544,3
2025-04-23,Portola,n_dp_alt_tertiary,0.0,0.0,3
2025-05-07,Portola,n_dp_alt_tertiary,0.0,0.0,3
2025-05-21,Portola,n_dp_alt_tertiary,3.3333333333333335,1.452966314513558,3
2025-06-04,Portola,n_dp_alt_tertiary,9.666666666666666,3.527668414752788,3
2025-06-18,Portola,n_dp_alt_tertiary,16.666666666666668,5.897268670984711,3
2025-07-02,Portola,n_dp_alt_tertiary,25.0,8.621678104251709,3
2025-04-23,Portola,n_dp_mid_primary,0.0,0.0,3
2025-05-07,Portola,n_dp_mid_primary,0.0,0.0,3
2025-05-21,Portola,n_dp_mid_primary,0.0,0.0,3
2025-06-04,Portola,n_dp_mid_primary,0.0,0.0,3
2025-06-18,Portola,n_dp_mid_primary,0.0,0.0,3
2025-07-02,Portola,n_dp_mid_primary,0.3333333333333333,0.33333333333333337,3
2025-04-23,Portola,n_dp_mid_quaternary,0.0,0.0,3
2025-05-07,Portola,n_dp_mid_quaternary,0.0,0.0,3
2025-05-21,Portola,n_dp_mid_quaternary,0.0,0.0,3
2025-06-04,Portola,n_dp_mid_quaternary,0.0,0.0,3
2025-06-18,Portola,n_dp_mid_quaternary,0.0,0.0,3
2025-07-02,Portola,n_dp_mid_quaternary,0.0,0.0,3
2025-04-23,Portola,n_dp_mid_secondary,0.0,0.0,3
2025-05-07,Portola,n_dp_mid_secondary,0.0,0.0,3
2025-05-21,Portola,n_dp_mid_secondary,0.0,0.0,3
2025-06-04,Portola,n_dp_mid_secondary,0.0,0.0,3
2025-06-18,Portola,n_dp_mid_secondary,0.0,0.0,3
2025-07-02,Portola,n_dp_mid_secondary,0.3333333333333333,0.33333333333333337,3
2025-04-23,Portola,n_dp_mid_tertiary,0.0,0.0,3
2025-05-07,Portola,n_dp_mid_tertiary,0.0,0.0,3
2025-05-21,Portola,n_dp_mid_tertiary,0.0,0.0,3
2025-06-04,Portola,n_dp_mid_tertiary,0.0,0.0,3
2025-06-18,Portola,n_dp_mid_tertiary,0.0,0.0,3
2025-07-02,Portola,n_dp_mid_tertiary,0.0,0.0,3
2025-04-23,Portola,n_dp_total_alt,8.0,1.1547005383792517,3
2025-05-07,Portola,n_dp_total_alt,20.333333333333332,3.38296385503074,3
2025-05-21,Portola,n_dp_total_alt,48.0,9.865765724632494,3
2025-06-04,Portola,n_dp_total_alt,80.66666666666667,17.97529168361702,3
2025-06-18,Portola,n_dp_total_alt,115.0,24.193663082165408,3
2025-07-02,Portola,n_dp_total_alt,149.66666666666666,36.99699687512188,3
2025-04-23,Portola,n_dp_total_mid,0.0,0.0,3
2025-05-07,Portola,n_dp_total_mid,0.0,0.0,3
2025-05-21,Portola,n_dp_total_mid,0.0,0.0,3
2025-06-04,Portola,n_dp_total_mid,0.0,0.0,3
2025-06-18,Portola,n_dp_total_mid,0.0,0.0,3
2025-07-02,Portola,n_dp_total_mid,0.6666666666666666,0.6666666666666667,3
2025-04-23,Portola,n_flowers_dp,0.0,0.0,3
2025-05-07,Portola,n_flowers_dp,0.0,0.0,3
2025-05-21,Portola,n_flowers_dp,0.0,0.0,3
2025-06-04,Portola,n_flowers_dp,0.0,0.0,3
2025-06-18,Portola,n_flowers_dp,3.3333333333333335,3.3333333333333335,3
2025-07-02,Portola,n_flowers_dp,8.0,3.6055512754639896,3
2025-04-23,Portola,n_flowers_mp,1.3333333333333333,1.3333333333333335,3
2025-05-07,Portola,n_flowers_mp,4.333333333333333,2.185812841434,3
2025-05-21,Portola,n_flowers_mp,8.666666666666666,3.1797973380564857,3
2025-06-04,Portola,n_flowers_mp,3.0,3.0000000000000004,3
2025-06-18,Portola,n_flowers_mp,6.0,6.000000000000001,3
2025-07-02,Portola,n_flowers_mp,17.0,11.930353445448855,3
2025-04-23,Portola,n_flowers_total,1.3333333333333333,1.3333333333333335,3
2025-05-07,Portola,n_flowers_total,4.333333333333333,2.185812841434,3
2025-05-21,Portola,n_flowers_total,8.666666666666666,3.1797973380564857,3
2025-06-04,Portola,n_flowers_total,3.0,3.0000000000000004,3
2025-06-18,Portola,n_flowers_total,9.333333333333334,9.333333333333334,3
2025-07-02,Portola,n_flowers_total,25.0,15.53490693030806,3
2025-04-23,Portola,n_stolon_primary,3.6666666666666665,0.6666666666666666,3
2025-05-07,Portola,n_stolon_primary,4.666666666666667,0.8819171036881969,3
2025-05-21,Portola,n_stolon_primary,7.333333333333333,1.4529663145135578,3
2025-06-04,Portola,n_stolon_primary,9.0,1.1547005383792517,3
2025-06-18,Portola,n_stolon_primary,10.0,0.5773502691896258,3
2025-07-02,Portola,n_stolon_primary,10.333333333333334,0.3333333333333333,3
2025-04-23,Portola,n_stolon_quaternary,0.0,0.0,3
2025-05-07,Portola,n_stolon_quaternary,0.0,0.0,3
2025-05-21,Portola,n_stolon_quaternary,0.0,0.0,3
2025-06-04,Portola,n_stolon_quaternary,0.0,0.0,3
2025-06-18,Portola,n_stolon_quaternary,0.0,0.0,3
2025-07-02,Portola,n_stolon_quaternary,0.3333333333333333,0.33333333333333337,3
2025-04-23,Portola,n_stolon_secondary,2.0,0.5773502691896258,3
2025-05-07,Portola,n_stolon_secondary,8.0,1.5275252316519468,3
2025-05-21,Portola,n_stolon_secondary,16.666666666666668,3.1797973380564857,3
2025-06-04,Portola,n_stolon_secondary,20.666666666666668,3.8441875315569325,3
2025-06-18,Portola,n_stolon_secondary,24.333333333333332,3.5276684147527875,3
2025-07-02,Portola,n_stolon_secondary,28.333333333333332,4.666666666666667,3
2025-04-23,Portola,n_stolon_tertiary,0.0,0.0,3
2025-05-07,Portola,n_stolon_tertiary,0.0,0.0,3
2025-05-21,Portola,n_stolon_tertiary,3.3333333333333335,1.452966314513558,3
2025-06-04,Portola,n_stolon_tertiary,7.0,2.3094010767585034,3
2025-06-18,Portola,n_stolon_tertiary,8.333333333333334,2.9059326290271157,3
2025-07-02,Portola,n_stolon_tertiary,11.333333333333334,4.0551750201988135,3
2025-04-23,Portola,stolon_length_primary_cm,87.04722222233333,8.116419020541455,3
2025-05-07,Portola,stolon_length_primary_cm,128.0594444333333,8.883175740005425,3
2025-05-21,Portola,stolon_length_primary_cm,163.47666666666666,6.819497374766297,3
2025-06-04,Portola,stolon_length_primary_cm,159.26984126666665,12.82286358314918,3
2025-06-18,Portola,stolon_length_primary_cm,151.43888889000002,4.653629539592231,3
2025-07-02,Portola,stolon_length_primary_cm,175.20999989999999,7.856414415980713,3
2025-04-23,Radiance,crown_diameter_mm,,,0
2025-05-07,Radiance,crown_diameter_mm,,,0
2025-05-21,Radiance,crown_diameter_mm,,,0
2025-06-04,Radiance,crown_diameter_mm,,,0
2025-06-18,Radiance,crown_diameter_mm,,,0
2025-07-02,Radiance,crown_diameter_mm,7.336666666666667,0.731535675442042,3
2025-04-23,Radiance,n_dp_alt_primary,14.333333333333334,3.2829526005987018,3
2025-05-07,Radiance,n_dp_alt_primary,33.333333333333336,7.753135566408672,3
2025-05-21,Radiance,n_dp_alt_primary,54.333333333333336,9.683892697555969,3
2025-06-04,Radiance,n_dp_alt_primary,77.33333333333333,12.719189352225941,3
2025-06-18,Radiance,n_dp_alt_primary,100.33333333333333,17.666666666666668,3
2025-07-02,Radiance,n_dp_alt_primary,128.33333333333334,25.333333333333336,3
2025-04-23,Radiance,n_dp_alt_quaternary,0.0,0.0,3
2025-05-07,Radiance,n_dp_alt_quaternary,0.0,0.0,3
2025-05-21,Radiance,n_dp_alt_quaternary,0.0,0.0,3
2025-06-04,Radiance,n_dp_alt_quaternary,0.6666666666666666,0.6666666666666667,3
2025-06-18,Radiance,n_dp_alt_quaternary,3.0,2.0816659994661326,3
2025-07-02,Radiance,n_dp_alt_quaternary,4.333333333333333,2.96273147243853,3
2025-04-23,Radiance,n_dp_alt_secondary,2.0,0.5773502691896258,3
2025-05-07,Radiance,n_dp_alt_secondary,15.0,2.0816659994661326,3
2025-05-21,Radiance,n_dp_alt_secondary,45.0,2.5166114784235836,3
2025-06-04,Radiance,n_dp_alt_secondary,85.0,8.717797887081348,3
2025-06-18,Radiance,n_dp_alt_secondary,128.66666666666666,14.051492605571994,3
2025-07-02,Radiance,n_dp_alt_secondary,160.66666666666666,19.93600873907424,3
2025-04-23,Radiance,n_dp_alt_tertiary,0.0,0.0,3
2025-05-07,Radiance,n_dp_alt_tertiary,1.0,0.0,3
2025-05-21,Radiance,n_dp_alt_tertiary,9.333333333333334,2.4037008503093262,3
2025-06-04,Radiance,n_dp_alt_tertiary,28.666666666666668,6.691619966628244,3
2025-06-18,Radiance,n_dp_alt_tertiary,49.333333333333336,7.859884081701065,3
2025-07-02,Radiance,n_dp_alt_tertiary,63.666666666666664,8.51143022320247,3
2025-04-23,Radiance,n_dp_mid_primary,0.0,0.0,3
2025-05-07,Radiance,n_dp_mid_primary,0.6666666666666666,0.6666666666666667,3
2025-05-21,Radiance,n_dp_mid_primary,3.0,1.0,3
2025-06-04,Radiance,n_dp_mid_primary,5.0,1.1547005383792517,3
2025-06-18,Radiance,n_dp_mid_primary,7.0,1.5275252316519468,3
2025-07-02,Radiance,n_dp_mid_primary,9.0,2.0,3
2025-04-23,Radiance,n_dp_mid_quaternary,0.0,0.0,3
2025-05-07,Radiance,n_dp_mid_quaternary,0.0,0.0,3
2025-05-21,Radiance,n_dp_mid_quaternary,0.0,0.0,3
2025-06-04,Radiance,n_dp_mid_quaternary,0.0,0.0,3
2025-06-18,Radiance,n_dp_mid_quaternary,0.0,0.0,3
2025-07-02,Radiance,n_dp_mid_quaternary,0.0,0.0,3
2025-04-23,Radiance,n_dp_mid_secondary,0.0,0.0,3
2025-05-07,Radiance,n_dp_mid_secondary,2.3333333333333335,0.33333333333333337,3
2025-05-21,Radiance,n_dp_mid_secondary,7.666666666666667,1.6666666666666667,3
2025-06-04,Radiance,n_dp_mid_secondary,14.666666666666666,2.728450923957483,3
2025-06-18,Radiance,n_dp_mid_secondary,25.0,5.291502622129181,3
2025-07-02,Radiance,n_dp_mid_secondary,28.333333333333332,6.437735971942656,3
2025-04-23,Radiance,n_dp_mid_tertiary,0.0,0.0,3
2025-05-07,Radiance,n_dp_mid_tertiary,0.0,0.0,3
2025-05-21,Radiance,n_dp_mid_tertiary,0.3333333333333333,0.33333333333333337,3
2025-06-04,Radiance,n_dp_mid_tertiary,0.6666666666666666,0.6666666666666667,3
2025-06-18,Radiance,n_dp_mid_tertiary,1.3333333333333333,1.3333333333333335,3
2025-07-02,Radiance,n_dp_mid_tertiary,2.0,1.0,3
2025-04-23,Radiance,n_dp_total_alt,16.333333333333332,2.905932629027116,3
2025-05-07,Radiance,n_dp_total_alt,49.333333333333336,9.527737285304303,3
2025-05-21,Radiance,n_dp_total_alt,108.66666666666667,9.871395263307232,3
2025-06-04,Radiance,n_dp_total_alt,191.66666666666666,13.370780746754386,3
2025-06-18,Radiance,n_dp_total_alt,281.3333333333333,21.32551940229775,3
2025-07-02,Radiance,n_dp_total_alt,357.0,36.22614157391501,3
2025-04-23,Radiance,n_dp_total_mid,0.0,0.0,3
2025-05-07,Radiance,n_dp_total_mid,3.0,0.5773502691896258,3
2025-05-21,Radiance,n_dp_total_mid,11.0,1.1547005383792517,3
2025-06-04,Radiance,n_dp_total_mid,20.333333333333332,1.452966314513558,3
2025-06-18,Radiance,n_dp_total_mid,33.333333333333336,2.96273147243853,3
2025-07-02,Radiance,n_dp_total_mid,39.333333333333336,3.8441875315569325,3
2025-04-23,Radiance,n_flowers_dp,0.0,0.0,3
2025-05-07,Radiance,n_flowers_dp,0.0,0.0,3
2025-05-21,Radiance,n_flowers_dp,0.0,0.0,3
2025-06-04,Radiance,n_flowers_dp,0.0,0.0,3
2025-06-18,Radiance,n_flowers_dp,0.0,0.0,3
2025-07-02,Radiance,n_flowers_dp,0.0,0.0,3
2025-04-23,Radiance,n_flowers_mp,0.0,0.0,3
2025-05-07,Radiance,n_flowers_mp,0.0,0.0,3
2025-05-21,Radiance,n_flowers_mp,0.0,0.0,3
2025-06-04,Radiance,n_flowers_mp,0.0,0.0,3
2025-06-18,Radiance,n_flowers_mp,0.0,0.0,3
2025-07-02,Radiance,n_flowers_mp,0.0,0.0,3
2025-04-23,Radiance,n_flowers_total,0.0,0.0,3
2025-05-07,Radiance,n_flowers_total,0.0,0.0,3
2025-05-21,Radiance,n_flowers_total,0.0,0.0,3
2025-06-04,Radiance,n_flowers_total,0.0,0.0,3
2025-06-18,Radiance,n_flowers_total,0.0,0.0,3
2025-07-02,Radiance,n_flowers_total,0.0,0.0,3
2025-04-23,Radiance,n_stolon_primary,14.0,3.0550504633038935,3
2025-05-07,Radiance,n_stolon_primary,19.333333333333332,2.3333333333333335,3
2025-05-21,Radiance,n_stolon_primary,23.0,2.0816659994661326,3
2025-06-04,Radiance,n_stolon_primary,26.666666666666668,2.8480012484391772,3
2025-06-18,Radiance,n_stolon_primary,34.666666666666664,6.0644684662200845,3
2025-07-02,Radiance,n_stolon_primary,37.666666666666664,6.0644684662200845,3
2025-04-23,Radiance,n_stolon_quaternary,0.0,0.0,3
2025-05-07,Radiance,n_stolon_quaternary,0.0,0.0,3
2025-05-21,Radiance,n_stolon_quaternary,0.0,0.0,3
2025-06-04,Radiance,n_stolon_quaternary,0.6666666666666666,0.6666666666666667,3
2025-06-18,Radiance,n_stolon_quaternary,2.6666666666666665,1.7638342073763937,3
2025-07-02,Radiance,n_stolon_quaternary,2.6666666666666665,1.7638342073763937,3
2025-04-23,Radiance,n_stolon_secondary,2.0,0.5773502691896258,3
2025-05-07,Radiance,n_stolon_secondary,13.666666666666666,1.452966314513558,3
2025-05-21,Radiance,n_stolon_secondary,32.666666666666664,3.8441875315569325,3
2025-06-04,Radiance,n_stolon_secondary,49.333333333333336,6.064468466220084,3
2025-06-18,Radiance,n_stolon_secondary,62.0,4.582575694955841,3
2025-07-02,Radiance,n_stolon_secondary,68.33333333333333,6.666666666666668,3
2025-04-23,Radiance,n_stolon_tertiary,0.0,0.0,3
2025-05-07,Radiance,n_stolon_tertiary,1.0,0.0,3
2025-05-21,Radiance,n_stolon_tertiary,8.333333333333334,1.855921454276674,3
2025-06-04,Radiance,n_stolon_tertiary,19.333333333333332,3.5276684147527875,3
2025-06-18,Radiance,n_stolon_tertiary,28.666666666666668,4.371625682868,3
2025-07-02,Radiance,n_stolon_tertiary,30.333333333333332,4.176654695380556,3
2025-04-23,Radiance,stolon_length_primary_cm,79.52222222333334,0.7393799546759033,3
2025-05-07,Radiance,stolon_length_primary_cm,132.7056427,5.931761857990671,3
2025-05-21,Radiance,stolon_length_primary_cm,163.8475543333333,4.321946521170717,3
2025-06-04,Radiance,stolon_length_primary_cm,179.73759686666668,4.26458428220034,3
2025-06-18,Radiance,stolon_length_primary_cm,184.0091175,9.403946081760354,3
2025-07-02,Radiance,stolon_length_primary_cm,207.3135566,8.427812252058551,3
2025-04-23,Ruby June,crown_diameter_mm,,,0
2025-05-07,Ruby June,crown_diameter_mm,,,0
2025-05-21,Ruby June,crown_diameter_mm,,,0
2025-06-04,Ruby June,crown_diameter_mm,,,0
2025-06-18,Ruby June,crown_diameter_mm,,,0
2025-07-02,Ruby June,crown_diameter_mm,9.505138731,0.5907246869855973,3
2025-04-23,Ruby June,n_dp_alt_primary,3.3333333333333335,0.8819171036881969,3
2025-05-07,Ruby June,n_dp_alt_primary,10.0,1.5275252316519468,3
2025-05-21,Ruby June,n_dp_alt_primary,18.0,1.5275252316519468,3
2025-06-04,Ruby June,n_dp_alt_primary,29.333333333333332,2.728450923957483,3
2025-06-18,Ruby June,n_dp_alt_primary,39.333333333333336,4.666666666666667,3
2025-07-02,Ruby June,n_dp_alt_primary,52.0,9.50438495292217,3
2025-04-23,Ruby June,n_dp_alt_quaternary,0.0,0.0,3
2025-05-07,Ruby June,n_dp_alt_quaternary,0.0,0.0,3
2025-05-21,Ruby June,n_dp_alt_quaternary,0.0,0.0,3
2025-06-04,Ruby June,n_dp_alt_quaternary,0.0,0.0,3
2025-06-18,Ruby June,n_dp_alt_quaternary,0.0,0.0,3
2025-07-02,Ruby June,n_dp_alt_quaternary,0.0,0.0,3
2025-04-23,Ruby June,n_dp_alt_secondary,0.6666666666666666,0.33333333333333337,3
2025-05-07,Ruby June,n_dp_alt_secondary,5.0,1.7320508075688774,3
2025-05-21,Ruby June,n_dp_alt_secondary,14.0,4.618802153517007,3
2025-06-04,Ruby June,n_dp_alt_secondary,26.0,3.464101615137755,3
2025-06-18,Ruby June,n_dp_alt_secondary,39.0,4.163331998932265,3
2025-07-02,Ruby June,n_dp_alt_secondary,51.333333333333336,6.437735971942656,3
2025-04-23,Ruby June,n_dp_alt_tertiary,0.0,0.0,3
2025-05-07,Ruby June,n_dp_alt_tertiary,0.0,0.0,3
2025-05-21,Ruby June,n_dp_alt_tertiary,1.3333333333333333,0.3333333333333333,3
2025-06-04,Ruby June,n_dp_alt_tertiary,3.6666666666666665,0.6666666666666666,3
2025-06-18,Ruby June,n_dp_alt_tertiary,5.666666666666667,0.8819171036881969,3
2025-07-02,Ruby June,n_dp_alt_tertiary,8.0,1.5275252316519468,3
2025-04-23,Ruby June,n_dp_mid_primary,0.0,0.0,3
2025-05-07,Ruby June,n_dp_mid_primary,0.0,0.0,3
2025-05-21,Ruby June,n_dp_mid_primary,1.0,0.5773502691896258,3
2025-06-04,Ruby June,n_dp_mid_primary,1.6666666666666667,0.881917103688197,3
2025-06-18,Ruby June,n_dp_mid_primary,2.6666666666666665,1.452966314513558,3
2025-07-02,Ruby June,n_dp_mid_primary,3.0,1.5275252316519468,3
2025-04-23,Ruby June,n_dp_mid_quaternary,0.0,0.0,3
2025-05-07,Ruby June,n_dp_mid_quaternary,0.0,0.0,3
2025-05-21,Ruby June,n_dp_mid_quaternary,0.0,0.0,3
2025-06-04,Ruby June,n_dp_mid_quaternary,0.0,0.0,3
2025-06-18,Ruby June,n_dp_mid_quaternary,0.0,0.0,3
2025-07-02,Ruby June,n_dp_mid_quaternary,0.0,0.0,3
2025-04-23,Ruby June,n_dp_mid_secondary,0.0,0.0,3
2025-05-07,Ruby June,n_dp_mid_secondary,0.6666666666666666,0.6666666666666667,3
2025-05-21,Ruby June,n_dp_mid_secondary,1.6666666666666667,1.2018504251546631,3
2025-06-04,Ruby June,n_dp_mid_secondary,2.3333333333333335,1.855921454276674,3
2025-06-18,Ruby June,n_dp_mid_secondary,2.6666666666666665,2.666666666666667,3
2025-07-02,Ruby June,n_dp_mid_secondary,3.6666666666666665,3.1797973380564857,3
2025-04-23,Ruby June,n_dp_mid_tertiary,0.0,0.0,3
2025-05-07,Ruby June,n_dp_mid_tertiary,0.0,0.0,3
2025-05-21,Ruby June,n_dp_mid_tertiary,0.0,0.0,3
2025-06-04,Ruby June,n_dp_mid_tertiary,0.0,0.0,3
2025-06-18,Ruby June,n_dp_mid_tertiary,0.0,0.0,3
2025-07-02,Ruby June,n_dp_mid_tertiary,0.0,0.0,3
2025-04-23,Ruby June,n_dp_total_alt,4.0,0.5773502691896258,3
2025-05-07,Ruby June,n_dp_total_alt,15.0,3.2145502536643185,3
2025-05-21,Ruby June,n_dp_total_alt,33.333333333333336,5.547772325697746,3
2025-06-04,Ruby June,n_dp_total_alt,59.0,1.7320508075688774,3
2025-06-18,Ruby June,n_dp_total_alt,84.0,6.244997998398399,3
2025-07-02,Ruby June,n_dp_total_alt,111.33333333333333,16.127960537870596,3
2025-04-23,Ruby June,n_dp_total_mid,0.0,0.0,3
2025-05-07,Ruby June,n_dp_total_mid,0.6666666666666666,0.6666666666666667,3
2025-05-21,Ruby June,n_dp_total_mid,2.6666666666666665,0.6666666666666666,3
2025-06-04,Ruby June,n_dp_total_mid,4.0,1.0,3
2025-06-18,Ruby June,n_dp_total_mid,5.333333333333333,1.4529663145135578,3
2025-07-02,Ruby June,n_dp_total_mid,6.666666666666667,1.6666666666666667,3
2025-04-23,Ruby June,n_flowers_dp,0.0,0.0,3
2025-05-07,Ruby June,n_flowers_dp,0.0,0.0,3
2025-05-21,Ruby June,n_flowers_dp,0.0,0.0,3
2025-06-04,Ruby June,n_flowers_dp,0.0,0.0,3
2025-06-18,Ruby June,n_flowers_dp,0.0,0.0,3
2025-07-02,Ruby June,n_flowers_dp,0.0,0.0,3
2025-04-23,Ruby June,n_flowers_mp,7.0,1.0,3
2025-05-07,Ruby June,n_flowers_mp,0.0,0.0,3
2025-05-21,Ruby June,n_flowers_mp,0.0,0.0,3
2025-06-04,Ruby June,n_flowers_mp,0.0,0.0,3
2025-06-18,Ruby June,n_flowers_mp,0.0,0.0,3
2025-07-02,Ruby June,n_flowers_mp,0.0,0.0,3
2025-04-23,Ruby June,n_flowers_total,7.0,1.0,3
2025-05-07,Ruby June,n_flowers_total,0.0,0.0,3
2025-05-21,Ruby June,n_flowers_total,0.0,0.0,3
2025-06-04,Ruby June,n_flowers_total,0.0,0.0,3
2025-06-18,Ruby June,n_flowers_total,0.0,0.0,3
2025-07-02,Ruby June,n_flowers_total,0.0,0.0,3
2025-04-23,Ruby June,n_stolon_primary,5.0,0.5773502691896258,3
2025-05-07,Ruby June,n_stolon_primary,7.666666666666667,0.33333333333333337,3
2025-05-21,Ruby June,n_stolon_primary,10.666666666666666,1.2018504251546631,3
2025-06-04,Ruby June,n_stolon_primary,12.333333333333334,1.7638342073763937,3
2025-06-18,Ruby June,n_stolon_primary,16.333333333333332,2.666666666666667,3
2025-07-02,Ruby June,n_stolon_primary,21.333333333333332,2.728450923957483,3
2025-04-23,Ruby June,n_stolon_quaternary,0.0,0.0,3
2025-05-07,Ruby June,n_stolon_quaternary,0.0,0.0,3
2025-05-21,Ruby June,n_stolon_quaternary,0.0,0.0,3
2025-06-04,Ruby June,n_stolon_quaternary,0.0,0.0,3
2025-06-18,Ruby June,n_stolon_quaternary,0.0,0.0,3
2025-07-02,Ruby June,n_stolon_quaternary,0.0,0.0,3
2025-04-23,Ruby June,n_stolon_secondary,0.6666666666666666,0.33333333333333337,3
2025-05-07,Ruby June,n_stolon_secondary,4.666666666666667,1.2018504251546631,3
2025-05-21,Ruby June,n_stolon_secondary,9.666666666666666,2.0275875100994067,3
2025-06-04,Ruby June,n_stolon_secondary,14.333333333333334,0.3333333333333333,3
2025-06-18,Ruby June,n_stolon_secondary,17.333333333333332,1.3333333333333335,3
2025-07-02,Ruby June,n_stolon_secondary,20.0,2.0816659994661326,3
2025-04-23,Ruby June,n_stolon_tertiary,0.0,0.0,3
2025-05-07,Ruby June,n_stolon_tertiary,0.0,0.0,3
2025-05-21,Ruby June,n_stolon_tertiary,1.3333333333333333,0.3333333333333333,3
2025-06-04,Ruby June,n_stolon_tertiary,2.6666666666666665,0.33333333333333337,3
2025-06-18,Ruby June,n_stolon_tertiary,3.3333333333333335,0.33333333333333337,3
2025-07-02,Ruby June,n_stolon_tertiary,4.333333333333333,0.6666666666666667,3
2025-04-23,Ruby June,stolon_length_primary_cm,72.87777777666668,5.501660805145711,3
2025-05-07,Ruby June,stolon_length_primary_cm,89.09555555666667,3.864685955927492,3
2025-05-21,Ruby June,stolon_length_primary_cm,120.78101853333334,3.2282411317016177,3
2025-06-04,Ruby June,stolon_length_primary_cm,142.44850426666667,6.763976933042398,3
2025-06-18,Ruby June,stolon_length_primary_cm,160.92619046666667,10.494793284634575,3
2025-07-02,Ruby June,stolon_length_primary_cm,175.16654459999998,12.282678211404065,3
2025-04-16,Sensation,crown_diameter_mm,,,0
2025-04-30,Sensation,crown_diameter_mm,,,0
2025-05-14,Sensation,crown_diameter_mm,,,0
2025-05-28,Sensation,crown_diameter_mm,,,0
2025-06-11,Sensation,crown_diameter_mm,,,0
2025-06-25,Sensation,crown_diameter_mm,7.129123068000001,0.3196631998453563,3
2025-04-16,Sensation,n_dp_alt_primary,2.0,1.0,3
2025-04-30,Sensation,n_dp_alt_primary,7.333333333333333,0.8819171036881969,3
2025-05-14,Sensation,n_dp_alt_primary,18.0,2.3094010767585034,3
2025-05-28,Sensation,n_dp_alt_primary,28.333333333333332,4.0960685758148365,3
2025-06-11,Sensation,n_dp_alt_primary,41.0,5.033222956847167,3
2025-06-25,Sensation,n_dp_alt_primary,50.0,7.0,3
2025-04-16,Sensation,n_dp_alt_quaternary,0.0,0.0,3
2025-04-30,Sensation,n_dp_alt_quaternary,0.0,0.0,3
2025-05-14,Sensation,n_dp_alt_quaternary,0.0,0.0,3
2025-05-28,Sensation,n_dp_alt_quaternary,0.0,0.0,3
2025-06-11,Sensation,n_dp_alt_quaternary,0.3333333333333333,0.33333333333333337,3
2025-06-25,Sensation,n_dp_alt_quaternary,0.3333333333333333,0.33333333333333337,3
2025-04-16,Sensation,n_dp_alt_secondary,0.0,0.0,3
2025-04-30,Sensation,n_dp_alt_secondary,5.0,1.5275252316519468,3
2025-05-14,Sensation,n_dp_alt_secondary,18.666666666666668,4.333333333333334,3
2025-05-28,Sensation,n_dp_alt_secondary,37.666666666666664,5.456901847914968,3
2025-06-11,Sensation,n_dp_alt_secondary,62.0,6.8068592855540455,3
2025-06-25,Sensation,n_dp_alt_secondary,81.33333333333333,12.732286169856186,3
2025-04-16,Sensation,n_dp_alt_tertiary,0.0,0.0,3
2025-04-30,Sensation,n_dp_alt_tertiary,0.0,0.0,3
2025-05-14,Sensation,n_dp_alt_tertiary,0.6666666666666666,0.33333333333333337,3
2025-05-28,Sensation,n_dp_alt_tertiary,4.0,1.5275252316519468,3
2025-06-11,Sensation,n_dp_alt_tertiary,7.666666666666667,2.905932629027116,3
2025-06-25,Sensation,n_dp_alt_tertiary,10.0,3.0550504633038935,3
2025-04-16,Sensation,n_dp_mid_primary,0.0,0.0,3
2025-04-30,Sensation,n_dp_mid_primary,0.3333333333333333,0.33333333333333337,3
2025-05-14,Sensation,n_dp_mid_primary,1.6666666666666667,0.881917103688197,3
2025-05-28,Sensation,n_dp_mid_primary,2.6666666666666665,1.452966314513558,3
2025-06-11,Sensation,n_dp_mid_primary,4.333333333333333,2.185812841434,3
2025-06-25,Sensation,n_dp_mid_primary,4.333333333333333,1.6666666666666667,3
2025-04-16,Sensation,n_dp_mid_quaternary,0.0,0.0,3
2025-04-30,Sensation,n_dp_mid_quaternary,0.0,0.0,3
2025-05-14,Sensation,n_dp_mid_quaternary,0.0,0.0,3
2025-05-28,Sensation,n_dp_mid_quaternary,0.0,0.0,3
2025-06-11,Sensation,n_dp_mid_quaternary,0.0,0.0,3
2025-06-25,Sensation,n_dp_mid_quaternary,0.0,0.0,3
2025-04-16,Sensation,n_dp_mid_secondary,0.0,0.0,3
2025-04-30,Sensation,n_dp_mid_secondary,0.0,0.0,3
2025-05-14,Sensation,n_dp_mid_secondary,1.0,0.5773502691896258,3
2025-05-28,Sensation,n_dp_mid_secondary,2.0,1.1547005383792517,3
2025-06-11,Sensation,n_dp_mid_secondary,2.6666666666666665,1.452966314513558,3
2025-06-25,Sensation,n_dp_mid_secondary,3.0,1.7320508075688774,3
2025-04-16,Sensation,n_dp_mid_tertiary,0.0,0.0,3
2025-04-30,Sensation,n_dp_mid_tertiary,0.0,0.0,3
2025-05-14,Sensation,n_dp_mid_tertiary,0.0,0.0,3
2025-05-28,Sensation,n_dp_mid_tertiary,0.0,0.0,3
2025-06-11,Sensation,n_dp_mid_tertiary,0.0,0.0,3
2025-06-25,Sensation,n_dp_mid_tertiary,0.0,0.0,3
2025-04-16,Sensation,n_dp_total_alt,2.0,1.0,3
2025-04-30,Sensation,n_dp_total_alt,12.333333333333334,2.185812841434,3
2025-05-14,Sensation,n_dp_total_alt,37.333333333333336,5.6960024968783545,3
2025-05-28,Sensation,n_dp_total_alt,70.0,7.937253933193772,3
2025-06-11,Sensation,n_dp_total_alt,111.0,6.658328118479393,3
2025-06-25,Sensation,n_dp_total_alt,141.66666666666666,14.110673659011152,3
2025-04-16,Sensation,n_dp_total_mid,0.0,0.0,3
2025-04-30,Sensation,n_dp_total_mid,0.3333333333333333,0.33333333333333337,3
2025-05-14,Sensation,n_dp_total_mid,2.6666666666666665,0.33333333333333337,3
2025-05-28,Sensation,n_dp_total_mid,4.666666666666667,0.33333333333333337,3
2025-06-11,Sensation,n_dp_total_mid,7.0,1.5275252316519468,3
2025-06-25,Sensation,n_dp_total_mid,7.333333333333333,0.8819171036881969,3
2025-04-16,Sensation,n_flowers_dp,0.0,0.0,3
2025-04-30,Sensation,n_flowers_dp,0.0,0.0,3
2025-05-14,Sensation,n_flowers_dp,0.0,0.0,3
2025-05-28,Sensation,n_flowers_dp,0.0,0.0,3
2025-06-11,Sensation,n_flowers_dp,0.0,0.0,3
2025-06-25,Sensation,n_flowers_dp,0.0,0.0,3
2025-04-16,Sensation,n_flowers_mp,2.3333333333333335,2.3333333333333335,3
2025-04-30,Sensation,n_flowers_mp,0.0,0.0,3
2025-05-14,Sensation,n_flowers_mp,0.0,0.0,3
2025-05-28,Sensation,n_flowers_mp,0.0,0.0,3
2025-06-11,Sensation,n_flowers_mp,0.0,0.0,3
2025-06-25,Sensation,n_flowers_mp,0.0,0.0,3
2025-04-16,Sensation,n_flowers_total,2.3333333333333335,2.3333333333333335,3
2025-04-30,Sensation,n_flowers_total,0.0,0.0,3
2025-05-14,Sensation,n_flowers_total,0.0,0.0,3
2025-05-28,Sensation,n_flowers_total,0.0,0.0,3
2025-06-11,Sensation,n_flowers_total,0.0,0.0,3
2025-06-25,Sensation,n_flowers_total,0.0,0.0,3
2025-04-16,Sensation,n_stolon_primary,3.3333333333333335,0.6666666666666666,3
2025-04-30,Sensation,n_stolon_primary,7.666666666666667,0.6666666666666667,3
2025-05-14,Sensation,n_stolon_primary,9.666666666666666,0.881917103688197,3
2025-05-28,Sensation,n_stolon_primary,12.333333333333334,1.3333333333333335,3
2025-06-11,Sensation,n_stolon_primary,12.666666666666666,1.452966314513558,3
2025-06-25,Sensation,n_stolon_primary,14.0,1.1547005383792517,3
2025-04-16,Sensation,n_stolon_quaternary,0.0,0.0,3
2025-04-30,Sensation,n_stolon_quaternary,0.0,0.0,3
2025-05-14,Sensation,n_stolon_quaternary,0.0,0.0,3
2025-05-28,Sensation,n_stolon_quaternary,0.0,0.0,3
2025-06-11,Sensation,n_stolon_quaternary,0.3333333333333333,0.33333333333333337,3
2025-06-25,Sensation,n_stolon_quaternary,0.3333333333333333,0.33333333333333337,3
2025-04-16,Sensation,n_stolon_secondary,0.0,0.0,3
2025-04-30,Sensation,n_stolon_secondary,4.666666666666667,1.3333333333333333,3
2025-05-14,Sensation,n_stolon_secondary,13.0,1.5275252316519468,3
2025-05-28,Sensation,n_stolon_secondary,20.333333333333332,2.185812841434,3
2025-06-11,Sensation,n_stolon_secondary,25.666666666666668,3.8441875315569325,3
2025-06-25,Sensation,n_stolon_secondary,27.666666666666668,4.910306620885412,3
2025-04-16,Sensation,n_stolon_tertiary,0.0,0.0,3
2025-04-30,Sensation,n_stolon_tertiary,0.0,0.0,3
2025-05-14,Sensation,n_stolon_tertiary,0.6666666666666666,0.33333333333333337,3
2025-05-28,Sensation,n_stolon_tertiary,2.6666666666666665,0.8819171036881969,3
2025-06-11,Sensation,n_stolon_tertiary,3.6666666666666665,0.8819171036881969,3
2025-06-25,Sensation,n_stolon_tertiary,4.666666666666667,1.4529663145135578,3
2025-04-16,Sensation,stolon_length_primary_cm,83.25,12.749999999999998,2
2025-04-30,Sensation,stolon_length_primary_cm,93.70166666666667,19.66161241551104,3
2025-05-14,Sensation,stolon_length_primary_cm,132.5162037,11.041650253221983,3
2025-05-28,Sensation,stolon_length_primary_cm,161.91649571000002,5.554268279272527,3
2025-06-11,Sensation,stolon_length_primary_cm,182.14141414333335,7.425053006809089,3
2025-06-25,Sensation,stolon_length_primary_cm,211.56681816666665,16.390218181938987,3
